date;adj_close;volume
1/10/2019;177.340424;7676276225
2/10/2019;180.71051;6335595250
3/10/2019;175.199341;6381403725
4/10/2019;176.985001;6248928449
5/10/2019;176.351517;5837211771
6/10/2019;173.059143;5852890674
7/10/2019;181.18634;7844316834
8/10/2019;182.021561;7466282780
9/10/2019;193.293259;9088122101
10/10/2019;191.659668;8375913276
11/10/2019;182.569687;9128522970
12/10/2019;180.826645;7494328840
13/10/2019;182.07515;6733182273
14/10/2019;186.960907;7276520699
15/10/2019;181.406067;7731456579
16/10/2019;176.013504;7691244590
17/10/2019;178.028351;6737237423
18/10/2019;173.621338;7566257807
19/10/2019;172.913025;6551453871
20/10/2019;175.534378;6801091120
21/10/2019;174.92099;6815820627
22/10/2019;172.300858;6990951966
23/10/2019;162.402786;9624925919
24/10/2019;162.168549;7300917537
25/10/2019;181.523209;10358594018
26/10/2019;179.83548;13831784986
27/10/2019;184.242218;10815941952
28/10/2019;182.662811;10406734124
29/10/2019;190.342575;10622761958
30/10/2019;184.692169;10484902804
31/10/2019;183.966919;9607939606
1/11/2019;183.969894;9145611130
2/11/2019;183.92572;8087991830
3/11/2019;182.425018;8760247744
4/11/2019;186.355194;10551917945
5/11/2019;189.304169;10024177342
6/11/2019;191.593842;10156458684
7/11/2019;187.976547;9081247799
8/11/2019;184.211472;9176780911
9/11/2019;185.028717;7277418704
10/11/2019;189.47728;8752784211
11/11/2019;185.489639;7877424106
12/11/2019;186.843414;7792186666
13/11/2019;188.258743;7343173596
14/11/2019;185.999634;7872664470
15/11/2019;180.521179;8815678477
16/11/2019;183.348358;6789888120
17/11/2019;185.119232;7364325471
18/11/2019;180.559601;7787662111
19/11/2019;177.455551;7536699743
20/11/2019;175.698349;7205785149
21/11/2019;161.462723;8546371325
22/11/2019;150.268173;12020749863
23/11/2019;153.417786;8289198330
24/11/2019;142.834702;7782769098
25/11/2019;146.476532;10962753356
26/11/2019;148.965073;7648516297
27/11/2019;153.010559;8778095308
28/11/2019;151.717575;7346531960
29/11/2019;155.304153;7503898278
30/11/2019;152.539688;6565950868
1/12/2019;151.18573;7102780298
2/12/2019;149.059158;6670561362
3/12/2019;147.956421;6204379850
4/12/2019;146.747742;7865937094
5/12/2019;149.248993;6745910228
6/12/2019;149.194443;6458766441
7/12/2019;148.768158;5911233284
8/12/2019;151.264725;6441727252
9/12/2019;148.225174;6744206747
10/12/2019;146.267044;6859512025
11/12/2019;143.608002;7037180049
12/12/2019;145.604004;7890383413
13/12/2019;144.944748;7264810247
14/12/2019;142.869232;7048066973
15/12/2019;143.11499;7235153411
16/12/2019;133.614029;8992282119
17/12/2019;122.603889;9057166141
18/12/2019;133.092194;11864518321
19/12/2019;129.321136;9564699140
20/12/2019;129.066055;8173594150
21/12/2019;128.130951;7449064703
22/12/2019;132.372513;9121058481
23/12/2019;128.61409;9622497693
24/12/2019;129.063889;7961819689
25/12/2019;126.454636;8418019054
26/12/2019;126.361221;8600871980
27/12/2019;127.214607;8299390176
28/12/2019;128.322708;8069298610
29/12/2019;134.75798;9708776786
30/12/2019;132.633484;9796951716
31/12/2019;129.610855;8936866397
1/1/2020;130.802002;7935230330
2/1/2020;127.410179;8032709256
3/1/2020;134.171707;10476845358
4/1/2020;135.069366;7430904515
5/1/2020;136.276779;7526675353
6/1/2020;144.304153;9093747121
7/1/2020;143.543991;9257954672
8/1/2020;141.258133;9387194957
9/1/2020;138.979202;7697325348
10/1/2020;143.963776;9084816203
11/1/2020;142.927109;9332208590
12/1/2020;145.873932;8528167453
13/1/2020;144.226593;8378529470
14/1/2020;165.955353;16712318373
15/1/2020;166.230682;15173694057
16/1/2020;164.391006;13735193018
17/1/2020;170.779953;14997091826
18/1/2020;175.365677;14929342256
19/1/2020;166.969849;13713374132
20/1/2020;167.120514;11144529787
21/1/2020;169.697159;9789369362
22/1/2020;168.294159;9209827928
23/1/2020;162.928558;10396868698
24/1/2020;163.051178;10657671162
25/1/2020;161.283936;8256956802
26/1/2020;168.077103;9261861590
27/1/2020;170.930893;11004476145
28/1/2020;176.370316;11772875064
29/1/2020;175.050339;10725267311
30/1/2020;184.690475;12604789338
31/1/2020;180.160172;11728616394
1/2/2020;183.67395;11569697182
2/2/2020;188.617538;14054425389
3/2/2020;189.865067;12392875241
4/2/2020;189.250595;11714191695
5/2/2020;204.23024;14865434435
6/2/2020;212.339081;16425589683
7/2/2020;222.726059;16673443564
8/2/2020;223.146515;16741203125
9/2/2020;228.578568;15031356241
10/2/2020;223.522705;16210008511
11/2/2020;235.851196;16964695963
12/2/2020;265.406128;24545049386
13/2/2020;268.099243;25801317504
14/2/2020;284.217499;23558253463
15/2/2020;264.728577;23682452994
16/2/2020;259.894714;25152366643
17/2/2020;266.363434;26024080089
18/2/2020;281.94458;26511477187
19/2/2020;259.763977;22679414413
20/2/2020;257.949463;23229828870
21/2/2020;265.600616;20867593292
22/2/2020;262.331726;16906032862
23/2/2020;273.75415;19585998814
24/2/2020;265.216431;22400845640
25/2/2020;247.817596;21878882134
26/2/2020;225.680267;26235617201
27/2/2020;226.753387;25645522790
28/2/2020;226.760498;22563530559
29/2/2020;219.848511;18181296376
1/3/2020;218.970596;18179807469
2/3/2020;230.569778;20305587789
3/3/2020;224.47963;19853178572
4/3/2020;224.517975;16567075208
5/3/2020;229.268188;18201291785
6/3/2020;243.525299;19374772256
7/3/2020;237.853088;19431652027
8/3/2020;200.689056;21381823651
9/3/2020;201.986328;23645428606
10/3/2020;200.767242;18344930072
11/3/2020;194.86853;16984790291
12/3/2020;112.347122;22134741655
13/3/2020;133.201813;27864623061
14/3/2020;123.306023;12740784545
15/3/2020;125.214302;12719251813
16/3/2020;110.605873;15984904590
17/3/2020;113.942749;12087490572
18/3/2020;114.84227;11617854009
19/3/2020;136.593857;16396753275
20/3/2020;132.737167;18960388062
21/3/2020;132.81871;13684083308
22/3/2020;123.321152;12497707224
23/3/2020;134.911606;14149877968
24/3/2020;138.761444;14609068673
25/3/2020;136.195892;13433092920
26/3/2020;138.361557;11367261176
27/3/2020;133.937943;11396286629
28/3/2020;130.986496;12162403960
29/3/2020;125.583733;9938133669
30/3/2020;132.904541;11841123306
31/3/2020;133.593567;11065246317
1/4/2020;135.634552;12456564435
2/4/2020;142.029144;15322861686
3/4/2020;142.091309;13184603402
4/4/2020;145.219391;11946658257
5/4/2020;143.546646;11280993591
6/4/2020;169.13588;21636382525
7/4/2020;165.101944;21659346091
8/4/2020;172.641739;17063110836
9/4/2020;170.807144;14901696210
10/4/2020;158.412445;17980944616
11/4/2020;158.216019;13555089447
12/4/2020;161.142426;15123721386
13/4/2020;156.279556;16465282133
14/4/2020;157.59639;14723156630
15/4/2020;153.286896;14171753737
16/4/2020;172.157379;22910469236
17/4/2020;171.63858;16714684266
18/4/2020;186.914001;20160323443
19/4/2020;181.61496;19146038381
20/4/2020;172.297165;21266681335
21/4/2020;172.737701;16458767984
22/4/2020;182.599579;17994666395
23/4/2020;185.028671;21275740032
24/4/2020;189.236938;16788555028
25/4/2020;195.515305;18260969748
26/4/2020;197.317535;18335367012
27/4/2020;197.224716;18670194595
28/4/2020;198.41539;18217507467
29/4/2020;216.968231;26397548759
30/4/2020;207.602051;28089191904
1/5/2020;214.219101;20816320834
2/5/2020;215.325378;18260876092
3/5/2020;210.933151;20469034664
4/5/2020;208.174011;22602446422
5/5/2020;206.774399;19004689099
6/5/2020;204.055786;20343543799
7/5/2020;212.289413;23594744655
8/5/2020;212.991577;20445139356
9/5/2020;211.600128;18950547549
10/5/2020;188.599564;25211575193
11/5/2020;185.912842;20054601647
12/5/2020;189.3125;15899726284
13/5/2020;199.193283;17054662289
14/5/2020;202.949097;20150524861
15/5/2020;195.622665;16602342092
16/5/2020;200.677124;15379081645
17/5/2020;207.158691;15470397303
18/5/2020;214.525055;17411566928
19/5/2020;213.451111;14346192779
20/5/2020;210.096741;12730175511
21/5/2020;199.883606;13308321229
22/5/2020;207.169189;12041592114
23/5/2020;208.694397;10665476768
24/5/2020;202.370346;11833299572
25/5/2020;205.319748;10415044124
26/5/2020;201.902313;10159741290
27/5/2020;208.863434;10631034756
28/5/2020;219.840424;12212469604
29/5/2020;220.675125;12265816557
30/5/2020;242.345596;15027397867
31/5/2020;230.975708;12234904813
1/6/2020;246.99176;13951727936
2/6/2020;237.219055;13782107567
3/6/2020;244.179321;9861760817
4/6/2020;244.426392;10170414304
5/6/2020;241.221985;9293963914
6/6/2020;241.93132;8114873845
7/6/2020;245.167252;9544883157
8/6/2020;246.309906;8076783299
9/6/2020;244.911453;8446545788
10/6/2020;247.444946;8792990206
11/6/2020;231.702667;12356528860
12/6/2020;237.49321;8868955009
13/6/2020;238.908844;7141624980
14/6/2020;234.1147;7439385176
15/6/2020;229.928909;10536099884
16/6/2020;234.416168;7965648016
17/6/2020;233.028275;7701391592
18/6/2020;232.101166;6713800872
19/6/2020;227.13829;6946372590
20/6/2020;229.274261;6252830566
21/6/2020;228.989822;5600408178
22/6/2020;242.533188;9079586552
23/6/2020;244.142151;6624530348
24/6/2020;235.772461;8815030025
25/6/2020;232.944489;7010426122
26/6/2020;229.668045;7187490226
27/6/2020;222.959793;6918380955
28/6/2020;225.347168;6205925718
29/6/2020;228.19487;6726164653
30/6/2020;226.315002;6094093001
1/7/2020;231.113419;6463737443
2/7/2020;229.392197;6212210566
3/7/2020;225.38707;5109032700
4/7/2020;229.074112;5228310135
5/7/2020;227.664597;5292172429
6/7/2020;241.510223;8782917553
7/7/2020;239.075531;6441497597
8/7/2020;246.670013;9892586411
9/7/2020;243.015961;8429099199
10/7/2020;240.984985;7281370522
11/7/2020;239.458176;5643067316
12/7/2020;242.131699;6596394718
13/7/2020;239.604584;7787751468
14/7/2020;240.211487;7357458555
15/7/2020;238.423523;6189328448
16/7/2020;233.640884;5832057567
17/7/2020;232.773087;5859850529
18/7/2020;235.48381;5397402117
19/7/2020;238.487518;6251377305
20/7/2020;236.153168;5600686192
21/7/2020;245.016724;6806696015
22/7/2020;262.190643;7702077383
23/7/2020;274.689056;10281309262
24/7/2020;279.215424;9466060358
25/7/2020;304.056763;10785021813
26/7/2020;309.643616;12003973026
27/7/2020;321.514099;15644257058
28/7/2020;316.657257;12357108065
29/7/2020;318.190887;10878845706
30/7/2020;334.586639;11827689045
31/7/2020;345.554657;12030600492
1/8/2020;385.199707;14045259477
2/8/2020;370.671722;18909744275
3/8/2020;386.295166;12834648062
4/8/2020;389.875488;14086704221
5/8/2020;401.590576;12875466638
6/8/2020;394.961945;11304626458
7/8/2020;379.512848;12751687084
8/8/2020;393.987366;9342060531
9/8/2020;391.120453;9451065592
10/8/2020;395.887573;11685827893
11/8/2020;380.384064;12792218737
12/8/2020;391.02417;12408772745
13/8/2020;428.741791;18480303526
14/8/2020;437.397827;15064589987
15/8/2020;433.354919;12416067894
16/8/2020;433.786621;12168816874
17/8/2020;429.53125;13227089410
18/8/2020;423.669312;11978984079
19/8/2020;406.463776;13137391167
20/8/2020;416.439789;10043032427
21/8/2020;389.126343;11781796374
22/8/2020;395.835144;10131847985
23/8/2020;391.384491;8137303970
24/8/2020;408.144196;10328860398
25/8/2020;384.001038;12428442042
26/8/2020;386.466125;9967343483
27/8/2020;382.632629;10457777652
28/8/2020;395.874664;9120674421
29/8/2020;399.921478;8777703481
30/8/2020;428.395721;11211948040
31/8/2020;435.079742;12774741797
1/9/2020;477.05191;18862763756
2/9/2020;440.040497;19691854014
3/9/2020;385.671936;19622845896
4/9/2020;388.24115;16747106257
5/9/2020;335.260071;29880047640
6/9/2020;353.362274;27643678917
7/9/2020;352.673492;21763614732
8/9/2020;337.602112;17991403432
9/9/2020;351.110016;14547933520
10/9/2020;368.101898;31421134556
11/9/2020;374.695587;27296269329
12/9/2020;387.183105;13295405814
13/9/2020;365.570007;15005899191
14/9/2020;377.26886;17536695361
15/9/2020;364.839203;16140584321
16/9/2020;365.812286;16107612177
17/9/2020;389.019226;19899531080
18/9/2020;384.364532;14108357740
19/9/2020;385.544373;11049507684
20/9/2020;371.052826;12292195784
21/9/2020;341.786072;17398267133
22/9/2020;344.503174;12732578043
23/9/2020;321.116302;12899346599
24/9/2020;349.355591;15714304470
25/9/2020;352.183258;14381086966
26/9/2020;355.488098;13049148579
27/9/2020;357.438507;13598126926
28/9/2020;355.159424;14258455166
29/9/2020;359.757385;11600013236
30/9/2020;359.937866;11818610610
1/10/2020;353.205902;14679481911
2/10/2020;346.238922;14215390463
3/10/2020;346.522095;10060167889
4/10/2020;352.57901;10696959020
5/10/2020;353.956787;11809507622
6/10/2020;340.815857;12830796112
7/10/2020;341.808655;11929918060
8/10/2020;350.766144;13461017711
9/10/2020;365.590485;13043501763
10/10/2020;370.96759;13618484324
11/10/2020;375.142059;12584512533
12/10/2020;387.731262;15867455424
13/10/2020;381.190765;14226744838
14/10/2020;379.484039;13918846567
15/10/2020;377.441833;14964182545
16/10/2020;366.229004;14670784817
17/10/2020;368.855927;10951115359
18/10/2020;378.213684;11047103109
19/10/2020;379.935608;12811242092
20/10/2020;369.136902;13741586582
21/10/2020;392.189972;20241324322
22/10/2020;413.77298;15772846485
23/10/2020;409.766693;14256222052
24/10/2020;412.457611;12201739194
25/10/2020;406.217773;10890207469
26/10/2020;393.888306;15155684229
27/10/2020;403.99704;13940434102
28/10/2020;388.650757;15276441134
29/10/2020;386.730103;12920477749
30/10/2020;382.819977;13688056970
31/10/2020;386.590332;11276963426
1/11/2020;396.358185;10475146018
2/11/2020;383.156738;13997574252
3/11/2020;387.602173;12588494762
4/11/2020;402.141998;15126077675
5/11/2020;414.067352;15440711038
6/11/2020;454.719299;16738305610
7/11/2020;435.713135;18873289788
8/11/2020;453.554779;11292383601
9/11/2020;444.163055;13704320630
10/11/2020;449.679626;12090381666
11/11/2020;462.960541;14075403511
12/11/2020;461.00528;12877327234
13/11/2020;474.626434;13191505725
14/11/2020;460.149841;10312037942
15/11/2020;447.559082;10308617165
16/11/2020;459.940308;11441239444
17/11/2020;480.360077;14593057877
18/11/2020;479.48407;17880199224
19/11/2020;471.630432;12473929218
20/11/2020;509.744568;18629943296
21/11/2020;549.486633;20757099184
22/11/2020;558.068115;21967049601
23/11/2020;608.454041;27272302872
24/11/2020;603.897766;23281758100
25/11/2020;570.686646;20088492893
26/11/2020;518.801147;31104004592
27/11/2020;517.493713;16831105703
28/11/2020;538.229797;14770243833
29/11/2020;575.758057;15017517758
30/11/2020;614.842529;20276867833
1/12/2020;587.324158;27178964465
2/12/2020;598.352356;16883292129
3/12/2020;616.70874;16146190946
4/12/2020;569.354187;16337589997
5/12/2020;596.595459;13498010566
6/12/2020;601.908997;11290893016
7/12/2020;591.843384;10720480962
8/12/2020;554.827759;14398919320
9/12/2020;573.479126;15855915840
10/12/2020;559.678528;11672582040
11/12/2020;545.797363;11098819124
12/12/2020;568.567322;8534557897
13/12/2020;589.663208;9070377862
14/12/2020;586.011169;8125837102
15/12/2020;589.355591;9326645840
16/12/2020;636.181824;15817248373
17/12/2020;642.868958;25479532147
18/12/2020;654.811951;15756303983
19/12/2020;659.297913;12830893778
20/12/2020;638.290833;13375855442
21/12/2020;609.817871;14419493621
22/12/2020;634.854187;14745890080
23/12/2020;583.7146;15261413038
24/12/2020;611.607178;14317413703
25/12/2020;626.410706;13520927700
26/12/2020;635.835815;14761125202
27/12/2020;682.642334;26093552821
28/12/2020;730.397339;24222565862
29/12/2020;731.520142;18710683199
30/12/2020;751.618958;17294574210
31/12/2020;737.803406;13926846861
1/1/2021;730.367554;13652004358
2/1/2021;774.534973;19740771179
3/1/2021;975.50769;45200463368
4/1/2021;1040.233032;56945985763
5/1/2021;1100.006104;41535932781
6/1/2021;1207.112183;44699914188
7/1/2021;1225.678101;40468027280
8/1/2021;1224.197144;44334826666
9/1/2021;1281.077271;33233105361
10/1/2021;1262.246704;40616938053
11/1/2021;1090.145386;60733630300
12/1/2021;1043.43457;37494601692
13/1/2021;1130.73938;30109792795
14/1/2021;1218.453003;33410915929
15/1/2021;1171.834595;35972039310
16/1/2021;1233.537598;32319240157
17/1/2021;1230.172241;29258032819
18/1/2021;1257.279541;25817455560
19/1/2021;1377.295898;47195935190
20/1/2021;1382.274048;46784030909
21/1/2021;1121.570923;45932464754
22/1/2021;1236.512207;43918338506
23/1/2021;1230.990601;27253895441
24/1/2021;1391.609375;36418163554
25/1/2021;1324.414795;43565777745
26/1/2021;1357.058105;41572917750
27/1/2021;1253.187134;39394416990
28/1/2021;1332.492188;34637234789
29/1/2021;1382.522827;53611955259
30/1/2021;1376.115479;30616574234
31/1/2021;1314.986206;25198853581
1/2/2021;1369.040527;29210670920
2/2/2021;1515.193726;45437142801
3/2/2021;1660.909546;41874566399
4/2/2021;1594.762695;44396871836
5/2/2021;1718.650879;40108628454
6/2/2021;1677.846802;39873420648
7/2/2021;1614.227783;39889440151
8/2/2021;1746.616821;48012285956
9/2/2021;1768.035034;44180727529
10/2/2021;1744.243408;41916084617
11/2/2021;1783.797974;36021495262
12/2/2021;1843.532593;37905036865
13/2/2021;1814.109863;35359490535
14/2/2021;1805.084106;31439114900
15/2/2021;1779.791016;38955610883
16/2/2021;1781.067505;34269369268
17/2/2021;1848.458252;35955412703
18/2/2021;1937.449219;28255902969
19/2/2021;1960.164795;26268814253
20/2/2021;1919.534058;34696091102
21/2/2021;1935.601074;23626547717
22/2/2021;1781.99292;42409646036
23/2/2021;1570.203979;52029864713
24/2/2021;1626.575684;31329000537
25/2/2021;1475.703735;24481681873
26/2/2021;1446.033691;31435997881
27/2/2021;1459.973145;20742103233
28/2/2021;1416.04895;27637026080
1/3/2021;1564.707642;24032838645
2/3/2021;1492.608765;22523669722
3/3/2021;1575.853149;22674780680
4/3/2021;1541.914307;22906118718
5/3/2021;1533.275024;21067146937
6/3/2021;1654.741577;22746262366
7/3/2021;1723.153809;23809935410
8/3/2021;1834.727905;27630991158
9/3/2021;1868.048828;23461244507
10/3/2021;1799.16626;25154173185
11/3/2021;1826.194946;24013132909
12/3/2021;1772.102417;22435821312
13/3/2021;1924.685425;25014689475
14/3/2021;1854.564331;19344589211
15/3/2021;1791.702271;26244738810
16/3/2021;1806.971802;23828509590
17/3/2021;1823.449341;24512917348
18/3/2021;1782.855103;23263845504
19/3/2021;1817.624146;21249297710
20/3/2021;1812.634644;22677674970
21/3/2021;1788.217041;22977404620
22/3/2021;1691.333984;23599296129
23/3/2021;1678.650146;21998237965
24/3/2021;1593.413452;31228051473
25/3/2021;1595.359253;29650328701
26/3/2021;1702.842041;22548516548
27/3/2021;1716.494629;18102277710
28/3/2021;1691.355957;16599472938
29/3/2021;1819.684937;22796570548
30/3/2021;1846.033691;22512781703
31/3/2021;1918.362061;30226902621
1/4/2021;1977.276855;30914259795
2/4/2021;2143.225586;34862511022
3/4/2021;2028.422485;32011518871
4/4/2021;2093.122803;26006501902
5/4/2021;2107.887207;28889391170
6/4/2021;2118.378906;29222865881
7/4/2021;1971.077271;36116271935
8/4/2021;2088.57373;25312956529
9/4/2021;2072.108887;19812472092
10/4/2021;2135.942139;24986243611
11/4/2021;2157.656982;19692836132
12/4/2021;2139.353271;21727936609
13/4/2021;2299.187744;29456642939
14/4/2021;2435.10498;35592822986
15/4/2021;2519.116211;32325606817
16/4/2021;2431.946533;36196928256
17/4/2021;2344.89502;32349808978
18/4/2021;2237.136963;50696368718
19/4/2021;2166.188721;34060654971
20/4/2021;2330.210938;39433483315
21/4/2021;2364.751709;38899067643
22/4/2021;2403.535156;53575904724
23/4/2021;2363.586182;55413933925
24/4/2021;2211.625732;31854226936
25/4/2021;2316.05957;31814355546
26/4/2021;2534.481689;35208325408
27/4/2021;2662.865234;32275969215
28/4/2021;2746.380127;34269031076
29/4/2021;2756.876953;32578127990
30/4/2021;2773.207031;29777179889
1/5/2021;2945.892822;28726205272
2/5/2021;2952.056152;28032013047
3/5/2021;3431.086182;49174290212
4/5/2021;3253.629395;62402045158
5/5/2021;3522.783203;48334198383
6/5/2021;3490.880371;44300394788
7/5/2021;3484.729004;39607240515
8/5/2021;3902.647705;50208491286
9/5/2021;3928.844727;50568290278
10/5/2021;3952.293945;62691789007
11/5/2021;4168.701172;52679737865
12/5/2021;3785.848633;69023382175
13/5/2021;3715.148438;78398214539
14/5/2021;4079.057373;48174271215
15/5/2021;3638.12207;42422321751
16/5/2021;3587.506104;47359478734
17/5/2021;3282.397705;54061732774
18/5/2021;3380.070068;40416525218
19/5/2021;2460.679199;84482912776
20/5/2021;2784.294189;67610826680
21/5/2021;2430.621338;53774070802
22/5/2021;2295.705566;42089937660
23/5/2021;2109.579834;56005721977
24/5/2021;2643.591064;53697121740
25/5/2021;2706.628906;49558333256
26/5/2021;2888.69873;42499766020
27/5/2021;2736.488525;33373635283
28/5/2021;2419.90625;39999114805
29/5/2021;2279.51416;33773720220
30/5/2021;2390.30542;25876619428
31/5/2021;2714.945313;31007383150
1/6/2021;2633.518311;27363223090
2/6/2021;2706.125;27723267359
3/6/2021;2855.126465;30038207402
4/6/2021;2688.195068;34173841611
5/6/2021;2630.576904;30496672724
6/6/2021;2715.092773;25311639414
7/6/2021;2590.263184;30600111277
8/6/2021;2517.438721;41909736778
9/6/2021;2608.26709;36075832186
10/6/2021;2471.518555;28753626390
11/6/2021;2353.768799;24832564195
12/6/2021;2372.484375;25724364410
13/6/2021;2508.391602;27092945370
14/6/2021;2537.891113;26964576331
15/6/2021;2610.936768;29005279219
16/6/2021;2367.663574;24101926180
17/6/2021;2372.001953;21871633186
18/6/2021;2231.733154;22752818388
19/6/2021;2178.499023;18765854896
20/6/2021;2246.364502;22535930423
21/6/2021;1888.44751;33745173825
22/6/2021;1874.950073;35547251725
23/6/2021;1989.736328;28408659206
24/6/2021;1988.456299;20272845769
25/6/2021;1813.217285;22774334998
26/6/2021;1829.239258;20637542361
27/6/2021;1978.894653;19885474742
28/6/2021;2079.657471;25514602841
29/6/2021;2160.768311;24815124419
30/6/2021;2274.547607;25828056268
1/7/2021;2113.605469;29061701793
2/7/2021;2150.040283;31796212554
3/7/2021;2226.114258;17433361641
4/7/2021;2321.724121;18787107473
5/7/2021;2198.58252;20103794829
6/7/2021;2324.679443;20891861314
7/7/2021;2315.161865;22398345285
8/7/2021;2120.026367;23188123689
9/7/2021;2146.692383;23029574602
10/7/2021;2111.403564;17581542471
11/7/2021;2139.664795;14705386138
12/7/2021;2036.721069;17768129077
13/7/2021;1940.083984;16621628658
14/7/2021;1994.331299;17342819679
15/7/2021;1911.175659;15688092552
16/7/2021;1880.382935;14884569147
17/7/2021;1898.825195;13364282076
18/7/2021;1895.552124;13791868728
19/7/2021;1817.296631;14157735481
20/7/2021;1787.510742;17368597636
21/7/2021;1990.970825;21253359756
22/7/2021;2025.202759;17495480331
23/7/2021;2124.776611;16200392492
24/7/2021;2189.21875;16057446601
25/7/2021;2191.373779;14566483636
26/7/2021;2233.366699;29614324233
27/7/2021;2298.333496;23067480378
28/7/2021;2296.54541;18991302378
29/7/2021;2380.956787;16313373113
30/7/2021;2466.961426;20212848934
31/7/2021;2536.209961;18001710283
1/8/2021;2561.852051;22697987055
2/8/2021;2610.15332;22162754104
3/8/2021;2502.349609;22696753413
4/8/2021;2724.619873;25038698173
5/8/2021;2827.328857;31057928075
6/8/2021;2890.94165;26528577879
7/8/2021;3157.23877;33081467129
8/8/2021;3013.732666;28433638008
9/8/2021;3167.856201;31983260936
10/8/2021;3141.691162;27605221710
11/8/2021;3164.245117;26729035052
12/8/2021;3043.414307;25403699845
13/8/2021;3322.21167;23868866254
14/8/2021;3265.443359;19860862133
15/8/2021;3310.50415;22166205051
16/8/2021;3156.509521;23080039949
17/8/2021;3014.845947;25509056745
18/8/2021;3020.089844;21539248425
19/8/2021;3182.702148;19546290360
20/8/2021;3286.935303;20885619828
21/8/2021;3226.083984;18113977628
22/8/2021;3242.115479;15983278460
23/8/2021;3319.257324;20511110509
24/8/2021;3172.456299;20131028906
25/8/2021;3224.915283;18902728235
26/8/2021;3100.325439;17405668117
27/8/2021;3270.60083;18489602004
28/8/2021;3244.40332;13709633698
29/8/2021;3227.002686;13296586731
30/8/2021;3224.374268;19306924485
31/8/2021;3433.732666;27280502987
1/9/2021;3834.828125;30070890104
2/9/2021;3790.98999;24387397330
3/9/2021;3940.614746;26207765094
4/9/2021;3887.828369;20806963328
5/9/2021;3952.133545;18371468576
6/9/2021;3928.379395;18674691198
7/9/2021;3426.394287;39131346397
8/9/2021;3497.315186;31738430771
9/9/2021;3427.340088;24118055831
10/9/2021;3211.505859;22355974097
11/9/2021;3270.278076;18627122934
12/9/2021;3410.134521;16810411424
13/9/2021;3285.511719;22721552948
14/9/2021;3429.169678;19125420848
15/9/2021;3615.282715;17548551804
16/9/2021;3571.294922;20093903064
17/9/2021;3398.538818;17722363229
18/9/2021;3432.018311;15995220233
19/9/2021;3329.447998;14257609743
20/9/2021;2958.993408;27371684581
21/9/2021;2764.431152;30405062665
22/9/2021;3077.86792;23742102645
23/9/2021;3155.523682;18516291047
24/9/2021;2931.669189;25595422789
25/9/2021;2925.565674;18932786754
26/9/2021;3062.265381;21172766310
27/9/2021;2934.138916;19164053681
28/9/2021;2807.296631;16895079070
29/9/2021;2853.143311;15763456158
30/9/2021;3001.678955;17661065099
1/10/2021;3307.516113;22307625573
2/10/2021;3391.694336;19202671704
3/10/2021;3418.358643;15516566862
4/10/2021;3380.089111;17747154101
5/10/2021;3518.518555;16632591670
6/10/2021;3580.562012;21855226591
7/10/2021;3587.974854;19090322927
8/10/2021;3563.759277;16222029488
9/10/2021;3575.716797;12707036942
10/10/2021;3425.852783;16171746693
11/10/2021;3545.354004;18579189588
12/10/2021;3492.573242;18109578443
13/10/2021;3606.20166;16211275589
14/10/2021;3786.01416;19443499909
15/10/2021;3862.634766;20966841512
16/10/2021;3830.38208;16578095629
17/10/2021;3847.104492;15908090346
18/10/2021;3748.760254;17386204158
19/10/2021;3877.650879;15998757133
20/10/2021;4155.992188;20338319988
21/10/2021;4054.322754;28220661820
22/10/2021;3970.181885;19432937968
23/10/2021;4171.663574;14781537792
24/10/2021;4087.903076;14978083638
25/10/2021;4217.876953;15995727040
26/10/2021;4131.102051;17157714562
27/10/2021;3930.257324;26219530404
28/10/2021;4287.318848;25958154575
29/10/2021;4414.746582;22967641914
30/10/2021;4325.650391;14615490626
31/10/2021;4288.074219;17498160238
1/11/2021;4324.626953;17985288261
2/11/2021;4584.798828;20794448222
3/11/2021;4607.193848;21220463155
4/11/2021;4537.324219;18415244464
5/11/2021;4486.243164;15086003586
6/11/2021;4521.581055;14429076700
7/11/2021;4620.554688;13541376033
8/11/2021;4812.087402;19290896267
9/11/2021;4735.068848;20834172627
10/11/2021;4636.174316;22748160545
11/11/2021;4730.384277;17933201129
12/11/2021;4667.115234;18316060208
13/11/2021;4651.460449;14457436261
14/11/2021;4626.358887;12172962219
15/11/2021;4557.503906;16275851299
16/11/2021;4216.365234;27417502801
17/11/2021;4287.59375;22183461850
18/11/2021;4000.650879;21383250893
19/11/2021;4298.306641;20626269711
20/11/2021;4409.931152;15448261277
21/11/2021;4269.73291;14094831413
22/11/2021;4088.457764;19752218877
23/11/2021;4340.763672;22133497059
24/11/2021;4239.981445;21838037128
25/11/2021;4274.743164;18705358318
26/11/2021;4030.908936;26281795488
27/11/2021;4096.912109;16515693874
28/11/2021;4294.453613;15953126340
29/11/2021;4445.10498;19086475837
30/11/2021;4631.479004;28626354111
1/12/2021;4586.990234;27634826695
2/12/2021;4511.302246;21502671027
3/12/2021;4220.706055;25879591528
4/12/2021;4119.587402;38478999182
5/12/2021;4198.322754;25533062707
6/12/2021;4358.737305;28229518513
7/12/2021;4315.061523;22366213354
8/12/2021;4439.35791;18704315119
9/12/2021;4119.815918;22296131874
10/12/2021;3908.496094;28014595631
11/12/2021;4084.452393;19131502454
12/12/2021;4134.453125;14057603914
13/12/2021;3784.226807;23999841386
14/12/2021;3745.44043;23836759957
15/12/2021;4018.388672;26411188833
16/12/2021;3962.469727;19825531254
17/12/2021;3879.486572;23143541098
18/12/2021;3960.860107;19530895889
19/12/2021;3922.592529;16167785597
20/12/2021;3933.844482;21589690675
21/12/2021;4020.26001;16388555198
22/12/2021;3982.099609;13921756199
23/12/2021;4108.015625;18007273742
24/12/2021;4047.98291;12769090623
25/12/2021;4093.281006;10894785525
26/12/2021;4067.328125;11197244172
27/12/2021;4037.547607;11424360002
28/12/2021;3800.893066;17299472803
29/12/2021;3628.531738;15722555672
30/12/2021;3713.852051;12925377999
31/12/2021;3682.632813;14157285268
1/1/2022;3769.697021;9776191466
2/1/2022;3829.564941;9881471548
3/1/2022;3761.380371;12080777893
4/1/2022;3794.056641;14030925983
5/1/2022;3550.386963;18061338502
6/1/2022;3418.408203;24293791313
7/1/2022;3193.210449;24494179209
8/1/2022;3091.972656;16037732700
9/1/2022;3157.751465;12334683863
10/1/2022;3083.0979;19535744145
11/1/2022;3238.111572;15211447193
12/1/2022;3372.258301;16662871689
13/1/2022;3248.288574;15294466275
14/1/2022;3310.001465;13562957230
15/1/2022;3330.530762;9619999078
16/1/2022;3350.921875;9505934874
17/1/2022;3212.304932;12344309617
18/1/2022;3164.025146;13024154091
19/1/2022;3095.825928;13187424144
20/1/2022;3001.120117;10645922764
21/1/2022;2557.931641;26796291874
22/1/2022;2405.181152;27369692036
23/1/2022;2535.039063;16481489511
24/1/2022;2440.352295;28220804648
25/1/2022;2455.935059;16179776932
26/1/2022;2468.030273;21229909340
27/1/2022;2423.001221;16126522783
28/1/2022;2547.092041;14666227351
29/1/2022;2597.084717;11172062661
30/1/2022;2603.466553;9501221177
31/1/2022;2688.278809;13778234614
1/2/2022;2792.117188;13194846235
2/2/2022;2682.854004;13876301217
3/2/2022;2679.162598;12755505065
4/2/2022;2983.586914;18987223729
5/2/2022;3014.648193;13102093957
6/2/2022;3057.476074;9466018022
7/2/2022;3142.470703;15197063785
8/2/2022;3122.608643;17136080906
9/2/2022;3239.457031;13951308490
10/2/2022;3077.482178;18629485080
11/2/2022;2927.383545;16043881065
12/2/2022;2917.362793;11254355757
13/2/2022;2883.463379;9054963563
14/2/2022;2933.479004;12164552172
15/2/2022;3179.877197;13921257873
16/2/2022;3127.830078;12352406833
17/2/2022;2881.481934;15860206214
18/2/2022;2785.727539;15748173433
19/2/2022;2763.701172;9774183169
20/2/2022;2628.648438;11641437834
21/2/2022;2573.816162;18646392740
22/2/2022;2639.299316;16360200507
23/2/2022;2590.359619;13382637240
24/2/2022;2598.067139;29312342666
25/2/2022;2764.535645;17208902048
26/2/2022;2781.111816;11724648351
27/2/2022;2621.801758;16150857254
28/2/2022;2919.201172;19266124733
1/3/2022;2972.485107;18757425786
2/3/2022;2950.118408;16636517503
3/3/2022;2834.468994;13091199728
4/3/2022;2617.156006;14496939024
5/3/2022;2664.831055;8072368396
6/3/2022;2555.037354;8872976607
7/3/2022;2497.77124;14594098731
8/3/2022;2576.747559;13922922903
9/3/2022;2729.783447;14173665398
10/3/2022;2608.048584;13292477213
11/3/2022;2559.562988;12382419582
12/3/2022;2574.75415;6532996574
13/3/2022;2518.94458;8632000379
14/3/2022;2590.696045;11244398839
15/3/2022;2620.149658;12861105614
16/3/2022;2772.055664;17915109769
17/3/2022;2814.854492;12685265194
18/3/2022;2945.343018;15830879093
19/3/2022;2946.25708;11576463120
20/3/2022;2860.459229;12684727326
21/3/2022;2897.976563;15206116098
22/3/2022;2973.131104;16830539230
23/3/2022;3031.067139;16008767658
24/3/2022;3108.062012;18070503166
25/3/2022;3106.671387;17030503831
26/3/2022;3143.178955;8876420740
27/3/2022;3291.577637;13431866834
28/3/2022;3336.634521;20620450770
29/3/2022;3401.987793;19533323636
30/3/2022;3385.157959;15302506131
31/3/2022;3281.642822;17685495686
1/4/2022;3449.552246;20982988937
2/4/2022;3445.059326;23571556215
3/4/2022;3522.833496;15333808649
4/4/2022;3521.241211;18209969743
5/4/2022;3411.79248;16681503199
6/4/2022;3171.691895;25632563639
7/4/2022;3233.274658;16745496605
8/4/2022;3192.073975;17557050669
9/4/2022;3261.91626;9908112156
10/4/2022;3211.866943;10427054790
11/4/2022;2981.052246;21891804831
12/4/2022;3030.376465;20235707410
13/4/2022;3118.344238;16088473629
14/4/2022;3019.909424;15821419931
15/4/2022;3040.916504;11256651536
16/4/2022;3062.310303;8766710365
17/4/2022;2993.40332;10463091281
18/4/2022;3057.606689;18629381299
19/4/2022;3104.106445;14156035096
20/4/2022;3077.74585;15547362265
21/4/2022;2987.480713;20783591093
22/4/2022;2964.835693;16782795477
23/4/2022;2938.114014;9116955609
24/4/2022;2922.732666;9696829579
25/4/2022;3009.393555;22332690614
26/4/2022;2808.29834;19052045399
27/4/2022;2888.929688;17419284041
28/4/2022;2936.940918;18443524633
29/4/2022;2815.601807;18771041399
30/4/2022;2730.186768;13520941867
1/5/2022;2827.756104;15332730152
2/5/2022;2857.4104;18609741545
3/5/2022;2783.476318;13026093219
4/5/2022;2940.644775;18186749944
5/5/2022;2749.213135;22642925048
6/5/2022;2694.979736;21027599270
7/5/2022;2636.093018;13369276367
8/5/2022;2517.459961;20802269935
9/5/2022;2245.43042;36333567678
10/5/2022;2343.510986;38202099639
11/5/2022;2072.108643;45743399154
12/5/2022;1961.701538;42463486402
13/5/2022;2014.418213;24816096567
14/5/2022;2056.273926;15457044616
15/5/2022;2145.706787;14846088335
16/5/2022;2022.725952;21459552191
17/5/2022;2090.40918;18509929297
18/5/2022;1916.656128;17740965589
19/5/2022;2018.336182;18734247914
20/5/2022;1961.315674;15892482289
21/5/2022;1974.518311;8546822406
22/5/2022;2043.170166;10941123403
23/5/2022;1972.181885;16434529708
24/5/2022;1978.982788;13057109007
25/5/2022;1944.827881;13364545730
26/5/2022;1803.91333;23458681818
27/5/2022;1724.922852;25470760032
28/5/2022;1757.941772;23214777872
29/5/2022;1812.031006;10642556101
30/5/2022;1996.441284;19580808705
31/5/2022;1942.328003;18363115560
1/6/2022;1823.569336;21037797760
2/6/2022;1834.150513;17065041354
3/6/2022;1775.078613;14878001811
4/6/2022;1801.609497;8677951273
5/6/2022;1805.204956;8850385937
6/6/2022;1859.289673;16518471852
7/6/2022;1814.04834;24020076750
8/6/2022;1793.572266;18041476023
9/6/2022;1789.82605;12013083393
10/6/2022;1665.042236;18504740451
11/6/2022;1529.663452;21127089064
12/6/2022;1445.216553;23465074882
13/6/2022;1204.582764;45162788786
14/6/2022;1211.662842;33327826525
15/6/2022;1233.206421;37539999450
16/6/2022;1067.730713;18907671369
17/6/2022;1086.519287;14591486540
18/6/2022;993.63678;21655406608
19/6/2022;1127.656494;21795481981
20/6/2022;1127.642456;19739691429
21/6/2022;1124.824585;15632089439
22/6/2022;1051.421875;15010593493
23/6/2022;1143.386719;14657862919
24/6/2022;1226.844727;16981552654
25/6/2022;1243.446899;12481946184
26/6/2022;1199.831665;12096607824
27/6/2022;1193.680664;12492225250
28/6/2022;1144.579224;14023205651
29/6/2022;1098.943848;15386286815
30/6/2022;1067.298828;16350755497
1/7/2022;1059.767334;17499453625
2/7/2022;1066.512817;9935603640
3/7/2022;1073.766968;8557248150
4/7/2022;1151.059082;13670889311
5/7/2022;1134.541016;16195518291
6/7/2022;1186.973999;15373536703
7/7/2022;1237.593384;14230795894
8/7/2022;1222.506226;16315929082
9/7/2022;1216.978271;8821353104
10/7/2022;1168.401611;10984558039
11/7/2022;1097.236572;12064180410
12/7/2022;1038.19165;12583282453
13/7/2022;1113.587158;18302588147
14/7/2022;1191.526245;16688640823
15/7/2022;1233.12915;17411448225
16/7/2022;1352.626465;18364013796
17/7/2022;1338.635742;16079711737
18/7/2022;1578.717896;27440420623
19/7/2022;1542.97522;27753529276
20/7/2022;1520.200684;22942708340
21/7/2022;1576.749512;20009556587
22/7/2022;1537.405151;18926100582
23/7/2022;1549.297485;14998811383
24/7/2022;1599.476685;17217849557
25/7/2022;1445.383423;20585056021
26/7/2022;1441.806763;18238563509
27/7/2022;1636.232666;23007524016
28/7/2022;1725.46814;27231399966
29/7/2022;1727.406982;23249531113
30/7/2022;1695.969482;15576977870
31/7/2022;1681.517334;14200735370
1/8/2022;1635.195801;16191371176
2/8/2022;1632.945435;20426082309
3/8/2022;1618.874512;16786218830
4/8/2022;1608.205811;14467440626
5/8/2022;1732.254639;18546491876
6/8/2022;1691.658081;11757911705
7/8/2022;1699.35083;10252090340
8/8/2022;1775.516113;16841424404
9/8/2022;1703.025024;16368619692
10/8/2022;1851.742676;23512477984
11/8/2022;1881.224121;23826986482
12/8/2022;1957.24646;17168141904
13/8/2022;1981.336548;16038975216
14/8/2022;1936.802002;14062754456
15/8/2022;1904.228149;20349931313
16/8/2022;1878.139404;15637578930
17/8/2022;1832.999634;20308508124
18/8/2022;1847.007813;14999352229
19/8/2022;1612.987305;25906358731
20/8/2022;1577.003784;18334580263
21/8/2022;1619.31897;15849221752
22/8/2022;1622.505859;18557078599
23/8/2022;1662.769897;18322041914
24/8/2022;1657.059204;16780932907
25/8/2022;1696.457031;14818795695
26/8/2022;1507.782837;26713710143
27/8/2022;1491.39502;18120831899
28/8/2022;1430.547363;12823572918
29/8/2022;1553.037354;17965837488
30/8/2022;1523.838867;21835784470
31/8/2022;1553.684937;20591680941
1/9/2022;1586.176758;16434276817
2/9/2022;1577.220459;17708478709
3/9/2022;1556.872681;9516825994
4/9/2022;1577.641602;8884144998
5/9/2022;1617.183228;13060541168
6/9/2022;1561.748535;22946059125
7/9/2022;1629.906372;19560363854
8/9/2022;1635.347656;17621046717
9/9/2022;1719.085449;20242323690
10/9/2022;1776.203735;13130928217
11/9/2022;1761.800049;12464301922
12/9/2022;1713.765259;17688391310
13/9/2022;1580.787964;23066821734
14/9/2022;1634.755005;17897150206
15/9/2022;1471.693481;26946275878
16/9/2022;1432.447754;16764804299
17/9/2022;1469.741699;10798098671
18/9/2022;1335.329102;15762284723
19/9/2022;1377.541382;18712714223
20/9/2022;1324.388184;14722317220
21/9/2022;1252.607788;20643507800
22/9/2022;1327.680176;18461527259
23/9/2022;1328.259521;18771106339
24/9/2022;1317.993286;12098209717
25/9/2022;1294.216797;11802651633
26/9/2022;1335.32019;16034549271
27/9/2022;1330.127686;17870598937
28/9/2022;1337.410889;18994979566
29/9/2022;1335.652344;13796915736
30/9/2022;1327.978638;14250100093
