date;close;volume;quote_asset_volume;num_trades;buy_base_asset_volume;buy_quote_asset_volume
30/9/2019;180.85;580295.3997;100443187.8;175354;305126.8302;52861123.05
1/10/2019;175.66;609819.6083;109337395.1;168492;297560.5413;53359971.7
2/10/2019;180.24;348268.1162;61530973.8;96660;176207.855;31146275.94
3/10/2019;174.69;354756.7848;62001237.48;101114;170712.7983;29848620.57
4/10/2019;175.55;333897.6388;58470302.14;89655;178481.7295;31249755.46
5/10/2019;176.25;278488.6177;48647162.44;90341;148677.3776;25974848.89
6/10/2019;170.1;314932.3963;54241930.13;114662;150053.256;25855508.57
7/10/2019;179.85;496523.4804;87617964.57;159802;269524.7909;47538485.16
8/10/2019;180.6;400832.3783;72432729.98;139925;198505.8506;35879440.88
9/10/2019;192.62;562506.8219;105551736.5;182290;296581.7245;55656345.7
10/10/2019;191.14;436588.5845;83367952.39;150166;226305.5538;43218136.09
11/10/2019;180.72;621693.6313;115872479.8;181427;300995.2989;56109324.69
12/10/2019;179.68;290415.2204;52895345.38;118775;147805.7679;26936589.74
13/10/2019;180.99;247589.2323;45067340.42;113448;124690.6038;22703924.65
14/10/2019;186.72;279732.8461;51494870.28;123915;145915.3813;26856962.92
15/10/2019;180.49;405466.3811;73998014.45;155734;200056.7357;36519397.83
16/10/2019;174.47;347764.9346;61180262.78;151051;174413.5134;30692249.72
17/10/2019;177.16;298795.8198;52578052.94;133295;157556.94;27723058.42
18/10/2019;172.74;319602.4851;55285684.61;139612;152605.7719;26410422.95
19/10/2019;171.79;296918.7303;51269466.04;127763;153698.7147;26548317.23
20/10/2019;175.22;299141.0715;51654250.07;125469;161874.5836;27947258.53
21/10/2019;173.98;270608.5139;47204344.24;128045;140196.6829;24473074.19
22/10/2019;171.2;255429.4162;44176123.21;123180;125146.2133;21648645.78
23/10/2019;162.35;746955.0981;121126428.2;238790;349055.6466;56615958.41
24/10/2019;160.38;387310.8377;62419095.11;159778;201844.9448;32531887.34
25/10/2019;181.5;904832.8606;157496890.7;267143;477807.7234;83125683.12
26/10/2019;179.49;1211737.437;222906937.8;373782;616841.9602;113546883.1
27/10/2019;183.75;724423.4053;132329593.4;262415;385013.1143;70337311.66
28/10/2019;181.72;582179.4455;106933716.7;225343;295482.3063;54279347.88
29/10/2019;190.46;529964.5054;99024969.84;212841;269645.5162;50376777.28
30/10/2019;183.13;537770.4306;99508269.89;194946;264989.4993;48993402.73
31/10/2019;182.18;410969.861;74696032.73;167038;210699.3997;38302299.77
1/11/2019;182.85;331519.7696;60092727.14;154534;176366.3922;31984647.88
2/11/2019;182.91;179864.3974;32936676.71;107048;89462.03413;16385817.1
3/11/2019;181.54;232621.5215;42260620.38;109861;117372.87;21322878.29
4/11/2019;185.71;321175.2913;59357371.31;147624;174839.0825;32310789
5/11/2019;188.68;389668.6472;73036074.78;184562;200247.6851;37563350.67
6/11/2019;191.16;343219.9224;65471595.21;160110;173260.4254;33061667.07
7/11/2019;186.68;309882.0821;58150631.28;152881;155433.4659;29169549.3
8/11/2019;183.74;365029.7503;67305417.41;167904;175732.3179;32419070.56
9/11/2019;184.89;192073.3804;35441967.77;112521;97836.42113;18053843.38
10/11/2019;188.96;274940.5345;51648623.29;133008;139412.4921;26196034.44
11/11/2019;184.98;255579.9343;47746876.46;128079;125060.8693;23366849.5
12/11/2019;187.09;256782.6312;47636043.35;124488;130189.0973;24161522.43
13/11/2019;188.11;197273.84;36936429.94;89631;101255.9882;18965818.25
14/11/2019;184.92;245505.2997;45523714.1;114266;117241.9954;21743851.28
15/11/2019;180;407466.7896;74217250.17;156868;196587.2528;35827558.08
16/11/2019;182.37;172801.5258;31378510.02;89596;86531.48564;15713912.23
17/11/2019;183.82;198892.4372;36509968.7;93753;99564.29673;18284470.26
18/11/2019;178.2;293551.2363;52985734.28;131823;134230.7227;24254035.08
19/11/2019;175.94;275886.6411;48414106.96;125824;138098.3274;24234933
20/11/2019;174.72;216315.9331;38001672.19;106534;105958.6593;18616351.33
21/11/2019;161.01;473895.9299;78641896.23;178521;234632.3703;38906646.5
22/11/2019;149.56;977977.2379;147595324.6;324167;460516.2946;69562234.11
23/11/2019;151.84;369721.0996;55595157.56;177816;188200.0906;28306514.68
24/11/2019;139.96;352319.2156;51503705.18;158774;169721.6243;24806572.11
25/11/2019;145.69;749675.413;106186791.3;238649;369097.7838;52341190.62
26/11/2019;147.47;354023.043;51873405.04;132207;172671.0037;25305494.22
27/11/2019;152.62;564796.4284;83505998.05;192325;290667.8907;43041430.88
28/11/2019;150.72;317714.5633;48324220.62;124573;158837.0033;24159931.81
29/11/2019;154.57;328712.2556;50649319.12;129774;171812.201;26479251.48
30/11/2019;151.37;226863.413;34617912.18;96632;115076.9018;17567465.07
1/12/2019;150.73;344178.1409;51148792.08;125550;172849.4542;25693814.94
2/12/2019;148.65;233839.0973;34768563.47;107070;114158.8752;16974888.54
3/12/2019;147.17;196329.225;29061161.1;87660;100293.6245;14844721.32
4/12/2019;145.38;434430.6238;63840615.24;149648;211404.5126;31089708.19
5/12/2019;148.1;299073.5397;43777241.59;111694;159810.6894;23382484.68
6/12/2019;148.45;220674.6858;32549526.4;90076;118938.0625;17547902.32
7/12/2019;147.14;140471.6859;20799551.35;70677;73739.81386;10919841.58
8/12/2019;150.44;205301.6026;30606289.29;79766;113946.9605;16985317.53
9/12/2019;147.38;243775.9925;36345702.35;92204;113225.9409;16892414.52
10/12/2019;145.56;203215.8494;29746845.43;85725;96914.54456;14189982.05
11/12/2019;143.39;157843.1048;22772651.17;69834;82484.40373;11897456.59
12/12/2019;144.87;261615.3044;37425277.04;99231;127845.6943;18297930.21
13/12/2019;144.8;160695.1856;23203419.96;90805;82252.75063;11879184.41
14/12/2019;141.79;126232.592;18027581.36;76951;59729.52052;8537450.108
15/12/2019;142.46;151189.6588;21495196.82;77131;73238.69048;10413387.06
16/12/2019;132.73;471018.8594;63632055.58;153717;215716.7318;29112565.7
17/12/2019;121.88;563257.36;71709329.27;178977;272414.2978;34693963.88
18/12/2019;132.78;884960.9133;110566290.6;252627;469544.6644;58667753.47
19/12/2019;128.1;420674.8172;53766864.19;154222;204489.6839;26131287.04
20/12/2019;128.19;213897.4673;27266605.48;90922;109755.2877;13990539.68
21/12/2019;126.99;135196.1164;17199278.79;64847;64958.5023;8263790.328
22/12/2019;132.09;253140.7241;32938501.02;91028;130908.0558;17045189.4
23/12/2019;127.8;421600.7566;55501305.92;145867;194731.2118;25638865.79
24/12/2019;127.75;200637.101;25667665.14;87657;100608.4836;12872420.09
25/12/2019;125.09;225004.4909;28144469.16;93397;98563.1461;12331982.2
26/12/2019;125.58;274986.521;34943780.91;103034;128410.0121;16332907.93
27/12/2019;126.29;240012.3745;30020098.89;102142;115839.0022;14500702.35
28/12/2019;128.11;196893.5228;25177121.15;82441;95994.94508;12279856.7
29/12/2019;134.36;316347.2667;41893078.36;115498;154769.9807;20495780.18
30/12/2019;131.59;320347.2196;42636559.38;101293;153829.1806;20482964.27
31/12/2019;129.16;264933.9842;34678632.18;95085;131010.0271;17146486.49
1/1/2020;130.77;144770.522;18952318.53;75888;71847.93883;9407940.161
2/1/2020;127.19;213757.0581;27486853.39;96193;105830.5619;13615064.57
3/1/2020;134.35;413055.189;54139288.22;162310;227899.2553;29863547.62
4/1/2020;134.2;184276.171;24641135.57;95488;85809.67556;11476955.59
5/1/2020;135.37;254120.4534;34593687.6;115106;126786.5206;17260443.97
6/1/2020;144.15;408020.2738;57400544.49;159866;199544.8985;28085835.72
7/1/2020;142.8;447762.1728;63861666.4;188444;224063.8916;31981440.09
8/1/2020;140.72;570465.5776;81184999.73;229912;282151.21;40157986.57
9/1/2020;137.74;366076.0657;50611452.58;152241;185916.3869;25716637.97
10/1/2020;144.84;409403.5951;57377525.56;167313;212395.4049;29753335.79
11/1/2020;142.38;368350.5794;53149360.56;156488;189781.1213;27384707.93
12/1/2020;146.54;229541.8614;33112850.82;110842;112369.4685;16214587.13
13/1/2020;143.58;207996.6187;29888095.37;102544;99446.20096;14292973.2
14/1/2020;165.64;1108476.312;173492006.2;321408;569410.8445;89171070.4
15/1/2020;166.4;721687.8038;119239937.9;251183;350727.9639;57992191.98
16/1/2020;164.21;456170.8672;74038650.83;179108;221669.3963;35985561.13
17/1/2020;169.85;767180.6785;129909265.3;273867;375143.0151;63553850.73
18/1/2020;174.14;688783.1798;119388338.8;240660;350447.0151;60783310.67
19/1/2020;166.79;624681.286;105691368.8;203953;307350.6395;51957534.85
20/1/2020;166.87;358092.8841;59292534.72;130615;181828.1952;30119285.66
21/1/2020;169.49;308007.6353;51615232.57;125609;154669.5631;25916761.62
22/1/2020;168.07;272240.9029;45903134.16;111017;131183.8062;22137225.77
23/1/2020;162.81;373414.3499;60971659.77;150875;179121.3193;29244864.76
24/1/2020;162.54;430013.199;68980724.06;145668;201937.8364;32428806.01
25/1/2020;160.35;219921.652;35196608.31;95448;114622.4459;18335347.16
26/1/2020;167.86;251582.5576;41239031.34;116628;135644.6268;22253874.87
27/1/2020;170.08;365894.8192;61846624.61;157072;183012.1978;30945679.52
28/1/2020;175.64;473433.8961;81649497.49;178990;249252.6153;42996095.56
29/1/2020;173.72;317382.9016;55988230.27;145062;151440.5071;26718161.11
30/1/2020;184.69;477721.6609;85164074.08;189458;241401.1538;43057387.75
31/1/2020;179.99;385596.5337;69633052.28;157597;182789.8791;33021337.96
1/2/2020;183.6;259370.129;47263178.07;124149;125544.7871;22884938.05
2/2/2020;188.44;552621.1362;104105613.6;222425;280248.0344;52807627.8
3/2/2020;189.69;417175.9578;79336312.52;181726;213868.7141;40681548.25
4/2/2020;188.91;366389.6969;68720832.62;173353;174776.2419;32795529.65
5/2/2020;203.78;550942.1142;108659358.5;241415;291264.2478;57410798.32
6/2/2020;213.19;608240.2233;127874220.8;276196;302771.0268;63669109.12
7/2/2020;223.33;629361.1547;138524804.2;268274;313125.9063;68898379.28
8/2/2020;223.05;548551.8747;122069507.7;257281;277426.2621;61749990.22
9/2/2020;228.49;350336.244;79674647;183735;172523.0226;39249445.4
10/2/2020;222.89;510415.4995;113385289;232617;255575.4501;56800747.21
11/2/2020;236.69;595576.9028;135863928.6;250241;309901.3087;70710866.23
12/2/2020;265.74;1038073.748;266734296.6;415316;521382.1208;133916108
13/2/2020;268.32;1089679.154;291533156.1;422008;539389.5974;144330540.7
14/2/2020;285.15;734944.3227;201120424.6;309022;380703.7855;104184138.4
15/2/2020;264.88;860813.1427;236287101.1;348934;419793.2113;115254803.5
16/2/2020;258.85;1110118.464;286269166.3;416082;526993.0617;135974874.8
17/2/2020;267.85;1110371.391;280371301.8;417529;542125.2121;136867563.5
18/2/2020;282.61;1115523.44;304162263.3;431799;550241.0207;150109585.7
19/2/2020;258.45;705973.7299;191887955.8;298048;343303.1069;93329064.51
20/2/2020;256.96;972969.7169;249383114;373551;494884.3186;126895480.4
21/2/2020;265.27;525827.8734;137848242.4;214306;269791.1374;70748990.2
22/2/2020;261.57;313062.5213;81781388.32;136810;156822.3507;40974857.94
23/2/2020;274.48;444740.8288;120024059;178464;225478.6873;60845374.2
24/2/2020;265.52;696591.7298;185949182.7;263161;330793.9283;88287487.19
25/2/2020;246.67;774791.0103;197442911.5;277457;381947.3885;97346482.23
26/2/2020;223.93;1395879.415;324229460.6;454355;656347.5584;152612432.4
27/2/2020;227.79;1273793.117;287322727.3;415969;627806.9584;141632481.7
28/2/2020;226.76;1054994.924;236064804.3;347125;510185.3375;114271376
29/2/2020;217.21;546866.6851;123635801;211771;276266.1287;62479741.18
1/3/2020;217.81;715016.0194;157064953.8;265577;360047.1133;79085739.01
2/3/2020;231.97;810051.4833;182948651.7;258680;402597.5223;90992396.72
3/3/2020;223.91;741498.5483;168090325.5;253103;370933.3696;84105282.7
4/3/2020;224.26;443780.3377;99650220.54;167247;218963.3365;49186332.77
5/3/2020;228.38;601479.8759;138081898.3;227242;297495.3532;68301116.79
6/3/2020;244.88;628147.3257;148563741.8;234091;328731.5656;77799831.6
7/3/2020;237.23;633748.8966;154037325.6;238113;311459.9408;75736818.1
8/3/2020;199.43;1278973.537;277970187.9;412787;591086.616;128602756.9
9/3/2020;202.81;1661331.836;332570408.5;473504;822023.1862;164639631.8
10/3/2020;200.7;1020260.107;205536190.2;332398;501745.9077;101099251.5
11/3/2020;194.61;1079824.902;208232375.2;344156;539239.2922;104024026.9
12/3/2020;107.82;3814533.14;548668262.2;937284;1810764.232;260692153.2
13/3/2020;134.06;4663239.929;560710331.8;1199923;2314458.37;278488986
14/3/2020;122.54;1237674.886;159192895.6;398146;628481.8664;80877487.99
15/3/2020;123.78;1312950.901;163436235.3;346579;669525.6824;83359166.35
16/3/2020;111.02;2442064.144;270353891.8;663277;1191735.454;131882551.3
17/3/2020;115.67;1295108.485;150800664.1;378258;654284.3578;76179202.04
18/3/2020;118.11;1201850.313;137550912.1;346312;604214.4602;69185743.99
19/3/2020;136.3;1801071.188;231626928.2;489147;904222.9053;116437845.4
20/3/2020;133.48;2504057.638;345856006.7;707216;1240999.352;171579646.8
21/3/2020;132.66;1231842.111;162468451.8;401288;607735.2281;80144362.79
22/3/2020;122.32;1055699.865;135927941.1;337273;533153.2033;68650481.22
23/3/2020;135.92;1436796.124;184851609.1;416820;738648.1025;95088118.67
24/3/2020;138.42;1244377.163;171156363.7;381573;627879.3244;86383070.31
25/3/2020;136.1;1034248.744;141795323;317580;512056.5642;70208230
26/3/2020;138.4;751060.631;101918769.7;248508;380709.1569;51679665.34
27/3/2020;131.33;706948.5456;96581886.88;224835;340830.6197;46615645.76
28/3/2020;130.98;896032.1059;115166652;274768;441256.5;56744425.27
29/3/2020;124.5;543997;69434202.21;182914;248597.9814;31762471.02
30/3/2020;132.06;764831.9275;100271145.9;241576;392536.4696;51471681.58
31/3/2020;132.72;547669.2779;72618183.48;172692;270347.2843;35849972.63
1/4/2020;135.69;680922.2475;90063924.23;199637;324454.1916;42946394.48
2/4/2020;141.28;1138977.661;159989506.6;314519;578693.1952;81265956.91
3/4/2020;141.31;797546.1145;113731706.7;239800;377394.131;53851773.63
4/4/2020;144.1;573508.1409;81640622.83;178768;292547.0806;41667692.35
5/4/2020;142.68;414987.4525;59383946.13;134223;205853.936;29454884.74
6/4/2020;171.32;1636338.731;257097597.8;432858;839620.3448;131930482.8
7/4/2020;164.63;1717962.825;292710722.6;446557;854069.1752;145531653.9
8/4/2020;173.11;1023575.921;173916484.8;287799;511443.6215;86963287.6
9/4/2020;169.52;719837.2442;122531132;212541;356967.4957;60787119.84
10/4/2020;157.81;1314841.362;209535613.3;323430;623128.0834;99285405.31
11/4/2020;158.33;621599.6129;98275533.06;168046;313112.5833;49512383.09
12/4/2020;158.59;809100.2459;129919934.4;223429;396232.4459;63624893.23
13/4/2020;156.29;1042091.036;160423270.3;255965;519763.8836;80051376.53
14/4/2020;158.45;698030.6509;110710086.1;178490;343955.5143;54564372.11
15/4/2020;152.73;729119.6651;114640840.1;186226;347034.4829;54594699.04
16/4/2020;172.29;1647207.6;273639160.1;389854;830355.7832;137897793.2
17/4/2020;170.69;723537.7559;123553456.3;191289;352005.3418;60121889.86
18/4/2020;187.4;1127296.37;203132212;286172;569708.877;102696714.6
19/4/2020;180.03;995759.5775;181415813.5;270668;478833.6927;87227250.3
20/4/2020;170.2;1547821.527;273854539.8;365589;745586.6741;131918687.7
21/4/2020;170.74;906381.654;155292048.4;228262;454400.7889;77856857.49
22/4/2020;182.7;988698.3908;176079076.9;246896;488185.2635;86960811.94
23/4/2020;185.51;1457867.087;270862911.4;363772;719694.3169;133791885
24/4/2020;187.59;780904.2126;146419748.1;222074;368634.106;69133236.24
25/4/2020;194.21;866478.0493;167703202.4;244755;438541.86;84884022.53
26/4/2020;197.38;758525.8153;148433709.8;228826;383155.4618;74997367.32
27/4/2020;196.34;896627.3727;174775637.9;238341;426083.0035;83095117.56
28/4/2020;196.24;636829.894;124476041.9;183819;324710.2429;63499045.65
29/4/2020;215.36;1620422.724;338324593.6;445147;817195.355;170664754.3
30/4/2020;206.08;1749691.002;374893029.8;557268;840566.789;180276411
1/5/2020;212.02;794913.9583;168339123.4;291365;389989.7691;82585993.16
2/5/2020;213.9;443494.6725;94389501.52;185802;225155.582;47928012.23
3/5/2020;209.86;748383.9131;158874887.1;268841;354161.9679;75207830.9
4/5/2020;206.48;1114249.327;225451167.7;349701;553422.1371;111948053.1
5/5/2020;205.29;640644.6627;131906204.9;246124;310794.7803;64025329.19
6/5/2020;198.97;862700.6785;178157452.6;271299;411115.122;84998478.61
7/5/2020;212;1305778.738;271197927.7;380313;660789.6789;137272634.8
8/5/2020;211.31;917908.1944;194579529.4;262122;445600.397;94465691.13
9/5/2020;210.07;587871.9807;124626471.4;194059;292187.2672;61966403.94
10/5/2020;187.54;1473226.055;278394290.8;426358;694788.4291;131143494.3
11/5/2020;185.73;1093299.819;203391530.2;303669;529158.7467;98465728.23
12/5/2020;189.76;669755.7957;126810812.2;193978;336075.3055;63647040.81
13/5/2020;199.58;806143.007;156637596.4;212710;410843.3562;79791107.72
14/5/2020;203.29;1114700.249;224233786.1;285245;557166.1504;112099049.7
15/5/2020;194.86;904749.6357;179634085.6;230721;437768.7727;86944450.76
16/5/2020;200.45;669900.0375;134060788.5;174447;343539.3457;68751336.84
17/5/2020;207;708711.8932;145341278.7;180088;369150.3106;75677871.47
18/5/2020;214.91;1064139.249;226789027.2;249528;538438.6764;114784967.2
19/5/2020;214.58;643702.9885;136846948.6;186027;319009.5963;67835348.16
20/5/2020;209.98;679532.6104;143704806.2;195172;330890.7883;70009379.66
21/5/2020;198.74;1003923.434;203445711;258415;479372.0086;97136468.81
22/5/2020;207.36;787672.3608;159972608.5;217659;399523.0416;81120762.58
23/5/2020;206.6;478559.9201;99461068.1;150729;237372.3019;49341950.42
24/5/2020;199.9;673535.0578;138917619.2;204534;324023.3235;66890503.38
25/5/2020;204.15;469931.6249;95411610.8;171792;243595.4756;49464529.61
26/5/2020;200.89;477176.7353;96116808.86;167702;233833.7793;47132325.29
27/5/2020;208.29;494816.7273;101445351;167619;252824.2265;51832733.6
28/5/2020;220.21;643945.9777;136361627.3;219160;352366.8836;74663823.76
29/5/2020;220.67;603058.0759;133220045.5;217959;301826.5183;66680504.4
30/5/2020;243.66;1019550.751;238678839.8;341862;511425.4477;119730479.8
31/5/2020;231.57;821608.6888;194867426.3;320066;381831.0608;90551397.68
1/6/2020;248.23;823816.6994;198791911.8;318497;426075.3178;102865011.7
2/6/2020;237.71;955520.9186;230680327.3;355417;462682.1595;111744961.6
3/6/2020;244.52;502928.1337;120179301.2;213792;259904.0458;62129185.47
4/6/2020;243.21;669369.3392;162460397.6;253226;332175.5577;80659519.35
5/6/2020;240.03;502547.411;122084004.5;205337;242309.9906;58916816.26
6/6/2020;241.94;389423.078;93979350.81;161709;198723.5396;47973780.54
7/6/2020;244.56;571102.5552;137165732.6;226478;285159.6539;68517428.42
8/6/2020;246.4;383116.5472;93355224.97;159981;193451.076;47159340.97
9/6/2020;243.8;420327.1713;102374504.6;185974;202641.0718;49369436.33
10/6/2020;247.78;431285.6172;105797248.2;185330;221305.1112;54322143.5
11/6/2020;230.51;816456.8916;195063781.3;312655;373492.343;89279896.49
12/6/2020;237.55;446515.3412;105069425.1;181977;224589.2962;52877894.61
13/6/2020;238.11;253797.7809;60087772.65;134555;126898.0978;30052109.59
14/6/2020;231.77;304943.2119;71575514.08;158093;150190.0614;35264141.21
15/6/2020;230.86;875026.9206;197907504.8;308126;410989.9909;92965284.37
16/6/2020;235.3;499194.6676;116456364.2;188136;252188.7108;58831595.31
17/6/2020;233.82;478187.2917;111415059.1;189653;232960.6903;54288236.16
18/6/2020;231.27;334347.7992;77542070.33;145815;157912.8986;36639257.02
19/6/2020;229;397284.5981;91117706.16;160682;196717.5238;45127258.01
20/6/2020;228.89;303704.9883;69343699.91;129778;146807.3037;33536648.03
21/6/2020;228.04;256305.2373;58868166.51;109238;133367.326;30640576.93
22/6/2020;243.13;749030.1111;178707156.2;256688;381685.5463;91072958.54
23/6/2020;243.14;442296.3148;107457002.5;172649;224811.2195;54630829.06
24/6/2020;234.58;921634.0534;220763040.4;289888;447817.3363;107284767
25/6/2020;232.5;613748.5935;142697463.4;192323;312667.907;72711629.98
26/6/2020;229.64;628340.0701;144805505.2;192182;313069.3963;72145517.99
27/6/2020;220.94;645950.6144;145264632.3;207051;299265.0172;67274910.29
28/6/2020;224.93;444766.5688;99423540.14;144728;236280.1476;52806921.85
29/6/2020;227.93;597915.5224;134510531.2;183558;305421.8734;68753130.27
30/6/2020;225.6;415036.0298;93802207.27;143612;202532.7465;45764408.13
1/7/2020;230.99;517351.5887;118322932.9;176455;265707.9463;60770218.92
2/7/2020;226.46;592485.9112;134976975.1;210294;282313.9013;64320519.48
3/7/2020;224.87;314578.5004;71286978.5;139167;153734.9221;34844388.69
4/7/2020;229.17;307726.4659;69899468.28;134338;156161.4808;35487540.26
5/7/2020;227.56;355747.1201;80528660.62;152077;173480.6672;39276422.85
6/7/2020;241.6;864817.507;203334727.9;268187;443659.9977;104363380.1
7/7/2020;239.39;600424.9721;143122828.4;213589;293523.4873;69992123.94
8/7/2020;246.95;958185.8371;233460700.8;309582;472779.3197;115197139.7
9/7/2020;241.98;647641.5829;157541370;243580;313999.2757;76404395.94
10/7/2020;241.26;455025.1239;108806462.5;181124;234086.9696;55969388.92
11/7/2020;239.19;294476.0063;70548557.68;140265;144264.7579;34563855.77
12/7/2020;242.79;469315.1172;112487552.4;201729;238720.1645;57233192.42
13/7/2020;239.5;604093.0425;146193291.9;240032;304677.2491;73761164.96
14/7/2020;240.44;426320.8919;102105027.1;172704;212486.6818;50895173.69
15/7/2020;238.61;368350.6652;88059682.48;154984;178198.014;42606335.48
16/7/2020;233.57;587161.7389;137208323.2;222138;284514.0397;66475192.08
17/7/2020;232.67;325600.2144;75931058.42;149088;159858.0831;37286020.32
18/7/2020;235.67;341356.6182;80046747.83;136494;168653.6825;39557475.71
19/7/2020;239.11;348803.5207;82120072.99;144896;177800.6573;41857576.45
20/7/2020;236.01;396657.9194;94314378.94;164435;193222.01;45941871.96
21/7/2020;245.59;637462.0807;154502240.9;240019;335588.6291;81336675.1
22/7/2020;263.74;718417.683;180692677.2;273546;382255.4506;96136746.65
23/7/2020;275.3;1068774.579;287217202.7;378573;548027.7765;147366131.5
24/7/2020;279.15;926033.0669;256347245.5;362608;467152.5895;129363215.3
25/7/2020;305.26;1058927.306;308799629.4;424683;546337.3692;159353784.5
26/7/2020;311;1270368.753;392346895.3;486058;629296.227;194398665.6
27/7/2020;321.93;1636122.347;527292799.3;645395;818454.5904;263886380.6
28/7/2020;316.77;1093231.556;346187853.3;458451;526272.9137;166776146.2
29/7/2020;317.71;792802.3215;254201662.1;347597;403407.1661;129383921.5
30/7/2020;334.87;1008827.567;328286452.5;410721;548703.6367;178728061.9
31/7/2020;346.33;948088.4498;323282981;461788;479449.0654;163562313.7
1/8/2020;387;1440843.342;527543444.9;598900;763925.6057;279585883.4
2/8/2020;372.42;2324909.096;878397036.3;960835;1147802.649;434515635.5
3/8/2020;385.94;1191565.094;462170587.5;534803;594188.683;230529343.4
4/8/2020;389.61;1180792.424;461794422.2;503335;580630.0981;227199384.2
5/8/2020;400.72;1124119.067;444335097.1;459722;569086.5345;225101645.7
6/8/2020;394.77;821379.084;325718417.7;388529;403029.863;159852195.1
7/8/2020;379.34;1041207.359;398625567.1;466548;499790.8267;191569557.5
8/8/2020;397.03;623029.7805;240999198;300577;325760.8768;126105849.1
9/8/2020;390.14;594900.5813;233057462.9;319111;294055.1311;115294494
10/8/2020;395.44;826969.9063;326372434.9;395123;409673.3457;161732201.7
11/8/2020;379;992412.6023;381981614.6;459623;465088.6708;179106068.4
12/8/2020;387.18;751848.7983;285872467.6;349082;378876.8349;144127095.7
13/8/2020;424.54;1511330.773;604810975.1;634978;786249.6439;314657281
14/8/2020;438.11;1109670.943;477180580.1;502635;551666.8965;237162820.6
15/8/2020;432.32;681698.5971;296652970.5;351377;332354.7299;144668622.3
16/8/2020;433.62;716666.2526;305445885.8;371807;345142.2617;147116639.3
17/8/2020;430.89;868870.65;375038999.5;443560;434882.896;187814884.7
18/8/2020;421.95;743254.5702;316635287;374074;356765.9755;152053040.6
19/8/2020;407.46;978339.6922;400208683.3;455992;457547.5727;187156985.8
20/8/2020;415.94;663555.7345;273292342.2;322537;336116.4166;138426936.6
21/8/2020;387.97;860998.7256;347455883.5;414222;395087.312;159527686.5
22/8/2020;395.24;643235.7654;250069873.4;305450;315092.64;122564498.4
23/8/2020;390.71;445317.8199;173799978;222729;218347.5076;85211118.01
24/8/2020;407.68;717403.8188;287991794.2;307676;374389.1622;150318604.2
25/8/2020;382.93;970445.384;375681480.2;411636;463076.7501;179300083.7
26/8/2020;385.81;738690.7794;284504413.1;351141;372284.313;143413331.4
27/8/2020;383.27;877763.7366;336647752.3;392116;441967.7499;169506712.9
28/8/2020;395.11;732601.4691;286555002;311832;376745.7956;147371987.1
29/8/2020;398.65;659802.6334;263787683;300090;335970.7274;134324057.8
30/8/2020;428.94;894979.7179;370467271.1;395838;454113.3075;188019162.8
31/8/2020;433.79;1040748.689;447866996.2;456201;521857.1205;224568024.6
1/9/2020;475.4;1751354.577;813662129.7;763508;869375.3506;403711776.2
2/9/2020;439.5;1880642.469;844475154.7;825133;930825.5537;418025683.7
3/9/2020;381.4;2408569.342;995567239;903066;1163309.472;481135153.4
4/9/2020;385.26;1806488.225;696658932.1;744610;898001.9886;346399148.8
5/9/2020;335.01;2777166.514;967730464.9;1074986;1359142.308;474118503.5
6/9/2020;352.8;2017811.147;691925087.4;852597;1001126.659;343097244
7/9/2020;353.59;1740618.425;596754172.7;708066;875520.998;300098826.3
8/9/2020;337.39;1400246.83;476444912.5;554846;683844.9148;232727441.3
9/9/2020;350.85;879760.5626;304910633.8;381038;450864.7855;156362634.9
10/9/2020;367.93;1134287.611;416598205.7;512819;564874.9986;207485762.5
11/9/2020;373.63;844017.5997;308822715.1;367615;423159.4833;154876994.9
12/9/2020;387.78;766542.3164;287133871.2;318774;391980.7873;146905887.1
13/9/2020;366.42;989195.6905;367969518.5;430236;471379.9413;175392358.4
14/9/2020;377.12;1042059.623;387238794.7;476828;520997.6271;193631762.6
15/9/2020;364.06;883856.3301;328317009.6;405048;425660.9356;158082601.8
16/9/2020;365.11;841709.9894;306622238.1;371665;401737.0712;146390592.3
17/9/2020;389.36;1256300.411;479026710.9;505247;649410.5462;247663754.9
18/9/2020;384.39;804194.4722;308748579.8;323159;390631.1479;150003338.3
19/9/2020;385.25;570908.3355;218785730.1;230924;275383.51;105557594.3
20/9/2020;371.04;693164.4014;259700927.5;275295;339273.5343;127111733
21/9/2020;340.36;1283946.031;452134893.6;472560;614255.1334;216255854.3
22/9/2020;344.21;842731.1288;288166815.5;286593;406238.8793;138901899.8
23/9/2020;320.72;940904.4976;313808761.1;323226;451952.709;150859607.8
24/9/2020;348.97;1071705.097;360708689.4;371450;541195.9319;182260574.8
25/9/2020;351.92;860643.7792;298266918.8;310536;428498.4178;148520979.7
26/9/2020;353.92;530879.2076;186812160.4;217834;265973.6236;93597365.19
27/9/2020;357.49;569568.5504;202411362.7;230526;278104.4953;98851342.52
28/9/2020;353.96;757758.4304;273063157.8;261317;365322.5282;131705221.5
29/9/2020;359.79;585143.1689;208028826.5;214988;296028.8489;105268925.8
30/9/2020;359.83;498943.2323;177784824.5;173910;258138.8759;92021033.12
1/10/2020;352.85;758349.3196;271468849.8;288354;361455.0969;129606992.6
2/10/2020;345.6;733571.8421;251829017.5;286023;359044.9934;123230178
3/10/2020;345.95;303595.719;105401893.4;136755;157899.9943;54819449.94
4/10/2020;352.37;343932.9171;119961274.7;138736;168705.2326;58850037.6
5/10/2020;353.62;376740.3069;132656713;145787;185554.4014;65347144.97
6/10/2020;340.75;640063.2695;221765553.6;240812;311147.6901;107797282.8
7/10/2020;341.58;541928.8638;183873686.4;195112;267972.4142;90930067.04
8/10/2020;350.95;631794.8756;217322067;220053;332296.2386;114406630
9/10/2020;365.02;650478.1934;232878561.9;241168;347090.0467;124302113.2
10/10/2020;370.52;591005.3213;220607973;253825;299965.6539;111977478.9
11/10/2020;374.16;373318.2378;139329772.5;164475;187969.3305;70162446.93
12/10/2020;386.51;844422.6544;320587055.5;309500;427311.1754;162322201.3
13/10/2020;381.04;645141.9139;246276552;239460;315226.9181;120349073.8
14/10/2020;378.69;569557.8294;216288027;214375;278390.3361;105736024.8
15/10/2020;377.64;634038.0945;238396852.8;228454;308053.8396;115864353.7
16/10/2020;365.5;654029.364;241127894.7;255775;308695.254;113825303.5
17/10/2020;368.32;285578.2454;104838880.5;126045;139908.8455;51365997.43
18/10/2020;378.11;323468.471;120818450.6;133043;166936.8018;62359187.49
19/10/2020;379.3;577252.9027;218372640;224887;281217.9767;106363380.2
20/10/2020;368.52;617309.8168;229928443.8;251051;288156.1304;107315894.5
21/10/2020;390.38;1221663.638;472488832.7;450963;632070.2996;244519977.3
22/10/2020;413.98;1095897.207;447211002.5;412013;560444.0981;228790705.5
23/10/2020;409.11;727832.3224;299943190.9;293671;353573.6121;145754753.8
24/10/2020;412.14;419236.8711;172799824.6;182680;207090.6108;85377261.16
25/10/2020;405.86;415586.9761;170054743.3;177854;192487.9841;78807422.93
26/10/2020;392.52;895142.6727;356208480.6;329493;408392.3708;162532499.8
27/10/2020;403.45;754244.3755;302522886.8;286217;373014.5299;149645515.4
28/10/2020;388.23;855275.4688;335751199.3;348661;407244.6278;159935755.1
29/10/2020;387.13;573096.0142;222669504.9;248649;283010.6249;109967352.1
30/10/2020;382.49;771750.7475;294342546;289735;384404.7474;146595613
31/10/2020;386.46;467453.8105;181136851.5;218528;238043.3112;92253593.44
1/11/2020;396.67;438952.9557;171238317.7;181369;228285.6986;89100829.29
2/11/2020;383.02;779968.5796;304223545.9;290370;382924.2608;149479791.1
3/11/2020;387.88;752954.3711;286291774;280412;366506.416;139475874.9
4/11/2020;402.49;1157064.351;454481208.4;392310;600951.596;236190448.3
5/11/2020;416.69;1475139.773;601591250.4;513574;733696.1278;299466668
6/11/2020;455.91;1682440.96;736015135.6;666505;883105.6894;386541087.4
7/11/2020;435.21;1653416.596;743871175.8;674858;831369.3719;374507765.4
8/11/2020;454.3;840908.4684;375679148.2;354341;424300.3652;189644075.4
9/11/2020;444.32;1099213.246;491928165;469947;523180.4511;234223109
10/11/2020;450.34;866872.4111;388190148.2;384228;437244.0287;195856348.2
11/11/2020;463.09;1205782.843;559228791.9;560360;626267.4988;290487787
12/11/2020;462.39;990776.6291;455971309.2;411840;471577.9813;217115755.3
13/11/2020;476.43;976665.0975;456232937.2;427363;509344.228;238031863.1
14/11/2020;460.89;735252.7854;340142257.2;350772;347000.0393;160634962
15/11/2020;448.08;665217.5667;301406126.5;311451;307609.5654;139442342.1
16/11/2020;460.55;812060.4464;370889706.7;328762;407294.369;186016422.4
17/11/2020;482.15;1151573.375;544239665.4;464336;591305.5675;279583957.9
18/11/2020;478.41;1477696.291;706704397.4;637641;741745.0675;355029605.6
19/11/2020;471.25;817418.5269;387199111.4;404737;389266.2699;184475868.3
20/11/2020;510.12;1516361.907;756660192.9;607663;781483.3701;389816150.4
21/11/2020;552.35;1548851.291;815402228.5;649077;789354.1482;415699828.6
22/11/2020;560.03;1850317.936;1014064539;768900;910655.8579;499466614.4
23/11/2020;608.58;2076008.848;1218150934;896026;1056711.758;620234259.8
24/11/2020;604.97;1606450.492;976376501.3;838352;801041.8628;487114657.5
25/11/2020;569.5;1219440.027;716972340.7;657386;576127.3655;339032707.4
26/11/2020;519.83;2683460.742;1386030255;1259051;1291907.713;667402458.3
27/11/2020;518.68;1088064.281;558985308.9;578800;546528.9795;280820318
28/11/2020;537.52;900508.6143;475169074.7;456028;466164.6993;245997234.1
29/11/2020;576.3;855276.4666;471629262.2;454026;440702.882;243151356.5
30/11/2020;616.66;1501989.454;895373784.8;717837;762000.0996;454509096
1/12/2020;585.26;2163875.814;1300668283;1018862;1053325.003;633883748.9
2/12/2020;596.89;1069538.656;632858653.2;604591;532480.4558;315241714.3
3/12/2020;615.85;935687.9172;568024618.9;513555;481922.579;292623478.6
4/12/2020;567.24;1052452.787;624543865.9;556641;488225.1467;289993182.9
5/12/2020;596.8;701567.9556;410382624.7;389600;362873.3076;212540315
6/12/2020;601.54;602496.9634;359236400.3;363661;311000.0131;185485506.4
7/12/2020;591.28;498329.3759;295598087;347036;236796.1409;140496351
8/12/2020;554.94;804443.0072;461781203.2;422868;371889.6892;213672984.8
9/12/2020;573.09;997192.1674;555142155.9;535975;503291.6908;280447024.9
10/12/2020;558.99;608414.5147;341352126.3;376548;301401.5901;169125585.1
11/12/2020;544.43;768921.7832;419607430.4;400545;369206.6707;201527071.7
12/12/2020;568.04;573913.9531;320867352.5;321104;303037.8614;169441251.7
13/12/2020;590.7;657794.4616;383072560.3;359525;326199.325;189873757.2
14/12/2020;586.29;493012.0271;288110224;272746;245044.7058;143226160
15/12/2020;588.64;569270.5201;334543178.4;329161;290602.59;170832376.2
16/12/2020;637.18;1185588.051;725009244.4;589563;615898.2566;376680848
17/12/2020;642.7;2006130.02;1307445033;974504;975946.2168;636041218.1
18/12/2020;653.85;1000012.98;646217791.2;554335;496068.2407;320579472.2
19/12/2020;658.03;858803.8846;564029933.3;562281;421384.6655;276780293.9
20/12/2020;638.18;823958.2284;533109285.7;505181;394908.5753;255626307.2
21/12/2020;607.58;843251.1657;524208673.9;521589;408550.632;254158056.1
22/12/2020;636.45;918851.2565;563872004.6;522945;466287.9042;286284535.1
23/12/2020;585.56;1208807.365;733443630.4;733896;564050.8057;342705478.2
24/12/2020;612.31;886335.8633;519843557;571510;452224.3284;265331357.9
25/12/2020;626.82;798009.6292;494089140.9;468979;410025.8533;253924482.5
26/12/2020;637.44;958585.5065;607664782;541191;484016.3092;307006622.7
27/12/2020;685.11;1859968.15;1247547957;1047001;934904.836;627557199.5
28/12/2020;730.41;1627154.393;1180438285;961277;832490.1108;603982596.9
29/12/2020;732;1106876.359;794643540.5;820504;543799.4686;390697226.4
30/12/2020;752.17;1008574.099;743546676.8;692405;514590.359;379464185.4
31/12/2020;736.42;863375.5798;638503822.4;623216;431442.9189;319087759
1/1/2021;728.91;675114.0933;496072043.8;483671;338988.5316;249240373.9
2/1/2021;774.56;1352618.577;1024472183;824134;686674.7334;519915827
3/1/2021;978.28;2813603.886;2522411860;1636501;1439027.799;1290266276
4/1/2021;1041.43;4245010.94;4303634203;2477862;2126337.672;2157639019
5/1/2021;1099.56;2706995.675;2857050280;1960503;1337641.028;1412551453
6/1/2021;1208.42;2390136.593;2725262121;1600888;1227955.889;1401239481
7/1/2021;1224.87;1972922.821;2406219891;1402699;974726.9752;1189746026
8/1/2021;1216.93;2131172.923;2543427453;1718817;1042889.105;1246619297
9/1/2021;1276;1448871.115;1780137376;1131871;746369.6968;918333130.8
10/1/2021;1254.25;1951179.35;2517791852;1437486;979792.3054;1266203575
11/1/2021;1087.01;4068784.657;4290593990;2557613;1966216.198;2073558270
12/1/2021;1050.16;2302645.341;2491067093;1516625;1149858.005;1244662146
13/1/2021;1129.89;1564202.391;1664178969;1123983;792814.8057;844656818.2
14/1/2021;1231.62;1555737.386;1825860914;1255769;794405.9644;932454704.1
15/1/2021;1168.53;1944038.837;2302781119;1519266;966118.7328;1145518024
16/1/2021;1227.83;1575384.438;1927453175;1252473;804431.168;984555467.1
17/1/2021;1232.45;1317285.006;1606424364;1121278;665250.5045;811881943.5
18/1/2021;1258.45;998050.1107;1223628041;940604;499759.24;613148505.6
19/1/2021;1365.36;2278852.558;3120980924;1840481;1158029.403;1585793804
20/1/2021;1376.99;2219137.621;2931656296;1852253;1103381.088;1459031150
21/1/2021;1110.96;2254164.804;2787012515;1823458;1088341.968;1346852630
22/1/2021;1232.62;2020593.217;2360267831;1652010;1036188.859;1212076603
23/1/2021;1233.6;1009545.083;1250575692;932871;505750.897;626781286.6
24/1/2021;1392.51;1510879.538;1996765628;1313986;790374.5092;1045052389
25/1/2021;1317.88;1885441.313;2644267237;1661512;943347.2583;1324815914
26/1/2021;1365.97;1682923.658;2216751668;1423178;856659.3014;1128968368
27/1/2021;1239.03;2009772.084;2554649901;1737296;997748.2457;1268777717
28/1/2021;1329.69;1365269.72;1790490878;1275024;702526.2392;922191761.4
29/1/2021;1379.5;2253963.187;3077996801;1714076;1126572.384;1539947796
30/1/2021;1378.05;1040042.236;1414231403;1013174;508185.4627;691043001
31/1/2021;1312.55;958704.8557;1276842260;828176;448756.5613;597602925.8
1/2/2021;1374.17;1096397.919;1449463767;915584;550007.3726;727808340.7
2/2/2021;1511.87;1944227.999;2821617332;1614541;986022.0918;1431300798
3/2/2021;1664.49;1535869.888;2418887042;1384979;793334.972;1249029451
4/2/2021;1595.67;1646502.33;2693099602;1507993;825236.6483;1350478681
5/2/2021;1719.19;1194123.299;2011685911;1326415;600948.6376;1012301493
6/2/2021;1676.35;1149808.331;1940057858;1152167;565703.5255;954941828.4
7/2/2021;1611.62;1281734.868;2044371589;1263737;618789.6975;987284129.7
8/2/2021;1750.15;1339777.095;2255426926;1372788;677614.2951;1141288385
9/2/2021;1769.13;1185071.896;2080818892;1173421;593423.3687;1042666171
10/2/2021;1740.78;1219932.255;2149076144;1279140;605462.9182;1067949001
11/2/2021;1785.62;735079.827;1301681872;935602;367056.1412;650153645.4
12/2/2021;1840.26;909600.2065;1635426868;996495;460779.8371;829217927.3
13/2/2021;1814.96;767589.0729;1395594093;853189;372008.2514;676531918.5
14/2/2021;1800.42;675261.7787;1230043295;714827;334005.3334;608556979.1
15/2/2021;1779.25;1053474.579;1860338372;1086589;511771.3727;904087834.8
16/2/2021;1781.99;817493.4751;1455884892;826125;389395.787;693804838.7
17/2/2021;1849.88;795711.6331;1437546813;862461;412387.4502;745568293.8
18/2/2021;1939.61;937227.1019;1787383532;1053661;493607.0255;941541216.8
19/2/2021;1955;793404.4115;1533991632;988320;388954.8528;752267904.2
20/2/2021;1913;1261315.813;2493836246;1329067;624716.4241;1236782122
21/2/2021;1933.53;756568.1974;1467970937;895138;386132.2666;749271580.6
22/2/2021;1777.58;1807244.981;3200483177;1799926;854014.6295;1513747908
23/2/2021;1577.89;2547837.821;3931407908;2396626;1231889.463;1903489088
24/2/2021;1623.39;1384388.817;2261264845;1319936;705887.815;1153792817
25/2/2021;1481.75;1032670.794;1650582277;1110019;501173.6513;802212265.5
26/2/2021;1444.59;1355973.294;2004016547;1298739;662906.9396;979857228.4
27/2/2021;1458.13;927423.0475;1375946816;954919;452205.9913;671100313.8
28/2/2021;1419.18;1410207.563;1929140047;1190546;704060.3441;963537938.1
1/3/2021;1569.86;1094695.178;1642627276;989006;568597.0449;853434777.4
2/3/2021;1486.78;1061142.387;1627312283;966176;508683.5566;781051077.7
3/3/2021;1567.69;1054846.315;1676300215;1237215;534919.1916;850213871.7
4/3/2021;1539.23;946365.6709;1476463518;1125118;468540.0047;731257773.7
5/3/2021;1528.31;910786.2898;1355798089;1000913;451258.0125;672042056.2
6/3/2021;1650.35;1013300.939;1611851702;1188531;536167.1809;853820036.1
7/3/2021;1726.16;848470.7814;1414988218;1166072;432388.6592;721395027.2
8/3/2021;1833.18;1149711.4;1995142129;1407402;602217.9107;1046045707
9/3/2021;1870.51;857229.4786;1570286249;1196670;414078.0933;758575748.4
10/3/2021;1795.12;937230.6283;1706230875;1098051;451348.3302;821707575.7
11/3/2021;1825.78;909011.4961;1627027458;1023958;443744.9911;794476087.9
12/3/2021;1766.1;869564.6361;1542873062;1126153;426161.7788;756268155.3
13/3/2021;1922.35;926283.2264;1718553132;1265904;471925.0482;875441534
14/3/2021;1848.1;637963.6363;1200354206;963564;301776.2295;567878404.2
15/3/2021;1793.48;1025326.797;1842608873;1496415;511041.3381;918123974.6
16/3/2021;1805.12;764993.4015;1360127230;987906;388327.72;690760061.5
17/3/2021;1823.58;658349.4484;1177718487;872416;337373.9254;603533782.4
18/3/2021;1776.08;603721.6106;1092346827;783517;284617.8236;514992961.4
19/3/2021;1809.1;500258.4288;901801564.2;703977;250974.4905;452606834.8
20/3/2021;1806.1;451556.1064;828404987.7;743672;230001.0473;421947140.6
21/3/2021;1782.98;465953.9875;830951276.5;748800;227170.1635;405242308.7
22/3/2021;1680.97;582727.4908;1019780399;879976;284682.997;498556293.3
23/3/2021;1668.08;577213.9959;975522491.1;654415;286791.6184;484836342
24/3/2021;1581.84;753834.5239;1251031751;994542;360806.9917;599730061.1
25/3/2021;1585.74;701697.0026;1115502880;778215;357916.0254;569176818.7
26/3/2021;1698.84;515470.9291;844707873.9;650812;265021.0976;434412049.5
27/3/2021;1712.63;443845.4996;753555521.6;516929;223163.53;378944599.8
28/3/2021;1687.01;348895.5131;592836644.6;512231;169502.2444;288084679.3
29/3/2021;1816.74;647724.4639;1148231089;846836;342048.8415;606329959.1
30/3/2021;1840.46;568842.0053;1039262033;856093;283746.674;518558427.2
31/3/2021;1919.37;746995.8591;1387448330;1040362;377271.8868;700970286.1
1/4/2021;1968.05;741585.0727;1438751531;994836;371883.7209;721736727.4
2/4/2021;2133.69;846197.9322;1719752063;1218698;436010.0938;886653805.1
3/4/2021;2008.52;770176.3219;1601516391;1107620;363187.4301;755374910.2
4/4/2021;2075.69;514345.7655;1050448906;818926;263875.563;538795778.1
5/4/2021;2107.38;684923.6149;1419084946;947978;343642.6;712219066.9
6/4/2021;2112.21;673386.0558;1420490813;1106761;332812.2575;702230157.8
7/4/2021;1963.47;892984.9042;1798606574;1229155;437902.8835;882121983.6
8/4/2021;2080.46;501355.998;1015796231;911403;250910.5773;508200399.3
9/4/2021;2066.87;426387.4379;885134116;645172;205375.7845;426445139.9
10/4/2021;2133.49;655458.2089;1405364882;1175161;330628.5439;708994754.5
11/4/2021;2151.36;392265.5077;839653140.9;830771;197850.9214;423496403.4
12/4/2021;2137.69;579093.3569;1244982957;914567;286715.0075;616499175.9
13/4/2021;2299.19;782608.6209;1745821661;1288668;399098.2072;890600412.5
14/4/2021;2432.6;972931.6087;2294753431;1554097;495400.5019;1168618279
15/4/2021;2514.04;681950.9665;1680063464;1462768;355972.402;877438758
16/4/2021;2422.67;999163.7521;2418566593;1679215;486268.8079;1177128974
17/4/2021;2317.6;624232.2557;1504895145;1242299;306700.1493;739461805.3
18/4/2021;2235.64;1475383.692;3190809323;2113566;722180.3949;1562761986
19/4/2021;2161.12;820592.2656;1800575928;1411498;405251.5408;889798938.7
20/4/2021;2330.03;992240.809;2181209665;1478664;500443.4926;1100996923
21/4/2021;2357.06;1177885.862;2771995884;1905822;587138.2891;1381898509
22/4/2021;2397.94;2220753.097;5508778906;3110597;1124195.467;2790172133
23/4/2021;2367.39;2532242.442;5719925452;2790382;1244539.895;2812376010
24/4/2021;2213.35;997688.9462;2246912953;1275474;494456.7906;1113625193
25/4/2021;2320.49;857517.3822;1948978895;1307545;431554.8457;981153774
26/4/2021;2532.6;1076469.014;2652330345;1852607;547426.1513;1348633237
27/4/2021;2666.13;771728.4645;1995139024;1255607;404885.923;1047010127
28/4/2021;2748.24;999383.1852;2673547154;1587100;497704.7228;1332642243
29/4/2021;2757.04;863890.0107;2366133509;1379738;428965.612;1175245479
30/4/2021;2772.42;695339.2048;1917297701;1382521;348038.7627;959914846.7
1/5/2021;2944.77;690260.0774;1979833188;1437394;363427.7275;1042474173
2/5/2021;2949.56;571982.5445;1672310882;1132280;294479.8689;861215743.6
3/5/2021;3431.04;1329088.063;4243786480;2502746;689402.6155;2199717718
4/5/2021;3239.01;1826039.386;6103102521;3634236;913493.5177;3054026100
5/5/2021;3524.26;1174816.736;3955994777;2224441;581159.2414;1957116424
6/5/2021;3489.73;920592.5771;3213427395;1703109;457348.2634;1596792939
7/5/2021;3479.53;760544.6478;2641740668;1382532;373468.64;1297499899
8/5/2021;3910.26;1130467.549;4170897764;2146967;576465.8159;2128434949
9/5/2021;3923.95;1000401.008;3885039043;2289303;501191.9846;1946904544
10/5/2021;3945.88;1505897.926;6079977785;3033133;745235.1714;3010349054
11/5/2021;4173.45;1095927.104;4350260232;2290977;546195.6706;2169036982
12/5/2021;3823.21;1601842.74;6673102684;3188941;781569.6878;3259590092
13/5/2021;3717.91;2068708.174;7846531159;3943562;1019129.42;3869202429
14/5/2021;4075.01;1153390.426;4569415542;2227244;589306.0313;2332631768
15/5/2021;3646.68;1039174.881;4030586493;2055345;498020.6678;1932010797
16/5/2021;3582.1;1324065.659;4788918304;2532983;633005.2504;2292116233
17/5/2021;3282.51;1904012.44;6401071581;2885352;933732.3607;3143594982
18/5/2021;3375.07;1287110.841;4392873872;2143887;648040.2108;2211619487
19/5/2021;2438.92;4309836.319;11641524167;5548968;2090952.358;5659752852
20/5/2021;2768.62;2942777.93;7750201899;4243052;1465674.263;3868330693
21/5/2021;2430.98;2727031.935;6898701129;3676164;1340165.228;3393349822
22/5/2021;2294.87;1684318.012;3934313840;2484734;822180.4699;1920309768
23/5/2021;2096.39;2914548.731;5907260140;3761018;1410830.442;2862585215
24/5/2021;2648.43;2186632.922;5180244967;3299296;1103328.427;2619744996
25/5/2021;2705.11;2115349.504;5442737549;2976859;1050034.534;2703460213
26/5/2021;2884.94;1583799.593;4416389129;2726537;786524.1159;2193352742
27/5/2021;2742.23;1099029.912;3033719144;1732113;540641.2324;1493018237
28/5/2021;2412.1;1554584.614;3934662309;2184249;763125.8639;1931909199
29/5/2021;2278.74;1379427.189;3288804155;1887733;681047.4854;1625990816
30/5/2021;2385.98;1151113.199;2726606139;1519005;577190.7766;1368058965
31/5/2021;2706.15;1307958.041;3277131772;1849177;661801.726;1660383325
1/6/2021;2634.57;1179577.108;3081355011;1790186;575201.6694;1503196036
2/6/2021;2706.22;970070.5356;2616566302;1349232;481481.7217;1299176997
3/6/2021;2857.25;1024290.894;2874856613;1620340;500895.1202;1405843557
4/6/2021;2689.51;1188314.112;3175186750;1775946;580744.6731;1551953930
5/6/2021;2627.73;961824.1241;2575726370;1670498;485392.7037;1300138730
6/6/2021;2711.92;673792.6937;1814112038;1336460;330313.6498;889529103.2
7/6/2021;2592.05;1152128.079;3149245177;1926275;577620.9462;1579210256
8/6/2021;2507.23;1693747.428;4201646663;2128256;825822.2474;2049450577
9/6/2021;2610.18;1276718.24;3223323188;1763686;628336.1493;1586470729
10/6/2021;2471.09;741237.4993;1874571746;978237;363431.819;918906133.9
11/6/2021;2354.01;587364.2736;1424975262;885172;283123.2104;687294444
12/6/2021;2370.74;767439.4984;1807036944;1127302;387478.696;912817435.8
13/6/2021;2509.33;715948.7599;1724097564;1217504;362663.1126;873887342.4
14/6/2021;2580.77;684183.5562;1730260219;1118498;344642.0078;871859785.4
15/6/2021;2543.54;599826.6493;1548303436;1044834;296745.7672;766423377.4
16/6/2021;2367.89;624741.7836;1533734359;896073;284039.9226;698017754.4
17/6/2021;2373.28;560667.5857;1338389545;961448;270180.8351;645226707.8
18/6/2021;2234.09;778905.202;1758827533;1067542;371196.2658;838571112.2
19/6/2021;2164.67;496872.25;1104923869;763820;247263.4649;550102564.6
20/6/2021;2243.47;743883.6474;1599009751;1035537;372014.6116;800346451.9
21/6/2021;1885.49;1629819.666;3252129522;2014010;790387.7009;1576559908
22/6/2021;1879.28;1695338.081;3158928001;1856357;836934.4483;1561415491
23/6/2021;1968.14;918612.3049;1817518229;1141790;462271.1982;914984412.7
24/6/2021;1989.52;701231.6748;1377799766;833337;344155.4166;676304789.2
25/6/2021;1808.82;858808.5477;1612556879;1041338;408120.6805;766594867.4
26/6/2021;1829.64;832315.149;1478550577;923226;407180.6697;723391264.7
27/6/2021;1982.28;696055.7931;1299521992;1091206;354611.5342;662881681.8
28/6/2021;2084.41;1044244.683;2138998048;1657087;541464.0254;1109375131
29/6/2021;2165.33;831257.2328;1804733070;1536044;421410.2757;915112793.6
30/6/2021;2275.68;910583.6032;1973676681;1464112;455834.9405;988252389.9
1/7/2021;2106.41;787865.2514;1688043308;1414518;384175.3754;822709363.9
2/7/2021;2154.13;672282.3748;1397269246;862561;337006.2817;700715966.1
3/7/2021;2226.99;569264.801;1248888441;922576;295114.6214;647377288.8
4/7/2021;2322.69;590656.2507;1365904900;1204553;301461.3617;697045137.9
5/7/2021;2196.53;781806.3161;1753862827;1264204;376068.6485;843863080
6/7/2021;2322.5;785330.1715;1803108194;1326163;394638.4505;905951763.5
7/7/2021;2316.57;666501.3557;1570553095;1113578;341514.3424;804702677.3
8/7/2021;2116.33;880265.0412;1926184139;1234614;430334.0226;941278322.1
9/7/2021;2146.99;738611.363;1568646237;867603;376374.9264;799855032.1
10/7/2021;2110.69;499071.859;1058023795;646476;244207.3754;517802339.2
11/7/2021;2140.45;342294.403;727911535.3;479138;175830.7514;374053442
12/7/2021;2031.58;540630.1074;1126108847;725803;259649.613;541195461.2
13/7/2021;1940.15;647388.2497;1287490852;902810;316356.5622;629467223.6
14/7/2021;1994.58;690505.6094;1342931974;936438;340257.8567;661765917.4
15/7/2021;1919.51;645271.3256;1251834410;865033;327273.4848;635240853.7
16/7/2021;1876.26;577068.8972;1097832472;721120;281955.4653;536656638.7
17/7/2021;1899.59;430300.5158;810628641.3;576008;216291.0754;407705129.4
18/7/2021;1891.64;534837.6365;1038104998;768528;265665.5566;515762272.1
19/7/2021;1818.73;547419.9377;1011627399;641063;251885.9887;465870373.9
20/7/2021;1786.03;786257.272;1386498470;943640;361612.0128;638066651.1
21/7/2021;1995.5;1115949.82;2138345814;1304423;572242.6773;1096535844
22/7/2021;2024.56;768854.3659;1536669129;1074800;380631.6308;760682755
23/7/2021;2124.25;708160.9132;1455496732;1035643;369453.1405;759725736.6
24/7/2021;2184.75;633075.1859;1360667032;1056670;325598.8388;699891567.8
25/7/2021;2189.79;535630.27;1154562328;941623;264032.0107;569308146.4
26/7/2021;2228.08;1393738.163;3222622416;2252910;700749.7255;1620304810
27/7/2021;2299.49;906359.2348;2025582065;1502763;453060.9884;1012813193
28/7/2021;2300.9;718202.5773;1649860557;1287050;354056.4082;813646516.8
29/7/2021;2382.92;499364.835;1157988359;1036449;256551.9072;595101393.8
30/7/2021;2461.81;762577.288;1824191452;1428312;392130.0611;938693364.9
31/7/2021;2531.05;507601.0503;1253810139;1007386;260698.6782;644275659.9
1/8/2021;2555.69;853495.9408;2217485597;1810440;424598.2647;1103204692
2/8/2021;2606.93;726701.8495;1887684672;1596914;349146.5384;907116380.7
3/8/2021;2509.04;792960.8438;1986976146;1701919;379722.8771;951417932.1
4/8/2021;2724.78;954590.7536;2498364634;1839302;487804.5135;1277999531
5/8/2021;2826.99;1307720.207;3553456267;2690052;667954.4434;1816958299
6/8/2021;2891.58;825399.4864;2334160884;1873337;414224.3276;1171841747
7/8/2021;3160.31;1205277.101;3673732670;2318608;626027.3428;1908033758
8/8/2021;3011.85;966349.7058;2979960615;1771162;483981.1436;1494356686
9/8/2021;3160.52;1129584.616;3453771928;2114151;561464.3661;1719164996
10/8/2021;3141.66;880675.7444;2763516347;1824522;446954.5225;1403643256
11/8/2021;3160.5;732546.6043;2351996142;1786853;363763.5594;1168247883
12/8/2021;3045.96;737628.4581;2283938415;1587719;349848.6918;1083322209
13/8/2021;3322.32;579333.4032;1867199039;1311322;302432.4884;975151109.2
14/8/2021;3263.16;486102.5379;1587713826;1014420;237085.5554;774933248.7
15/8/2021;3307.09;565579.6777;1813755248;1224556;278202.4984;892667696.3
16/8/2021;3146.53;635667.0542;2062860388;1940766;299737.204;973748230
17/8/2021;3011.72;804996.0697;2535149205;1644472;374586.0482;1180969164
18/8/2021;3014.55;625103.2557;1902429363;1093813;312124.667;950560051.1
19/8/2021;3184.12;634769.9217;1931520694;1297759;323213.078;984487319.5
20/8/2021;3284.82;558127.4554;1809283029;1137843;279786.2875;907257350.6
21/8/2021;3223.43;421156.0908;1375973641;777622;211442.3087;691281509.8
22/8/2021;3238;406479.0765;1304347039;803263;200170.9602;642534234.5
23/8/2021;3321.28;602103.4461;2000534992;1520784;307844.2909;1023003561
24/8/2021;3170.62;540480.0785;1758604482;984324;255974.7149;833541906.1
25/8/2021;3226.87;483697.6944;1534476278;1031704;237587.764;754272690.5
26/8/2021;3093.2;442298.4737;1382397989;959232;210645.9104;658517127.7
27/8/2021;3273.45;451027.8071;1434311977;802187;231317.4704;735958225.4
28/8/2021;3244.48;262360.3492;850631439.1;539377;128912.5343;418041843.9
29/8/2021;3223.47;335806.7827;1078681951;661232;168361.7531;541070972.5
30/8/2021;3229.64;625347.2754;2027490192;1228525;317195.9029;1029315993
31/8/2021;3429.2;863071.1309;2895209450;1772849;431197.7502;1446458671
1/9/2021;3826.82;845759.9587;3038498668;2022132;445083.4857;1600713525
2/9/2021;3785.82;525165.7996;1981758437;1402190;255406.3611;963939552.3
3/9/2021;3938.11;655903.7574;2557662974;1678132;334965.9511;1306320161
4/9/2021;3885.52;364478.1193;1422981232;996623;176186.7034;688072330.2
5/9/2021;3950.29;365759.8597;1432553302;1083584;187163.4226;733284736.2
6/9/2021;3926.77;397768.5783;1562560096;865160;199177.0547;782756030.9
7/9/2021;3434.57;1203536.002;4298119218;2359100;567117.0826;2025608219
8/9/2021;3499;780611.7657;2665272034;1783652;385803.0214;1318127754
9/9/2021;3424.93;628553.8831;2194182935;1147283;313804.0919;1095691059
10/9/2021;3208.86;633026.2659;2107283581;1128069;312620.0773;1041506593
11/9/2021;3267.21;413524.1761;1355587141;833958;207506.7378;680210107.4
12/9/2021;3404.21;408858.9595;1379322045;1089138;203397.6282;686413591.5
13/9/2021;3285.35;647855.7199;2103663103;1363198;311994.072;1013528553
14/9/2021;3434.37;373634.9026;1249733657;894664;187175.3987;626226181.4
15/9/2021;3613.55;428507.5278;1486156274;977023;216020.2616;749354190.4
16/9/2021;3567.98;467985.4919;1680487713;1081868;231345.773;831073629.5
17/9/2021;3399.81;398888.3705;1383268102;867583;195646.9993;678415331
18/9/2021;3435.64;315162.7627;1090387917;692204;154824.5614;535810347.5
19/9/2021;3328.62;312948.0013;1052980780;687285;151230.7096;509076793.3
20/9/2021;2977.28;917939.5785;2834781759;1708278;438137.5022;1353089302
21/9/2021;2765.9;971519.8894;2827179157;1754962;468088.1628;1365275108
22/9/2021;3076.92;677457.6483;1993084669;1200519;356419.5252;1049114513
23/9/2021;3152.5;459293.8858;1428616218;885568;230448.3995;716904113
24/9/2021;2928.53;932090.8856;2715718192;1607374;447178.1607;1302897206
25/9/2021;2921.73;491974.0226;1428143403;934301;245314.6092;712408056.6
26/9/2021;3059.37;703594.478;2062409599;1347301;346152.9053;1015957877
27/9/2021;2925.59;510130.7319;1564096695;1043885;249913.2903;766484764.1
28/9/2021;2804.91;511325.4643;1477983246;928494;250476.1527;724263328
29/9/2021;2850.45;411305.0893;1180681056;748804;207837.6036;596539497
30/9/2021;3000.61;506896.7612;1514341937;992243;255146.8926;762091704.4
1/10/2021;3309.91;648714.6151;2063112281;1446386;336578.1769;1070284895
2/10/2021;3387.76;422551.1811;1417055616;1046194;215469.0975;722876150.4
3/10/2021;3417.73;360586.8905;1231536168;816339;183173.9282;625701692
4/10/2021;3386.31;485204.642;1631562262;1090407;234726.4574;789540744.9
5/10/2021;3515.27;393900.8818;1355905890;1025512;198949.7787;684720843.6
6/10/2021;3574.89;618265.5402;2172519697;1444856;309931.1456;1089939305
7/10/2021;3587.47;486102.3591;1736906584;1252503;243095.0309;868883834.3
8/10/2021;3563.13;403597.1437;1455713871;1084792;199496.5173;719958342
9/10/2021;3574.82;361906.7514;1299757023;1175683;181998.6895;653707840.8
10/10/2021;3414.22;580223.6302;2049128230;1765439;283364.0936;1001342448
11/10/2021;3542.12;493521.882;1743391084;1110340;241854.8172;853789828.8
12/10/2021;3491.46;409377.1918;1425455761;925699;201641.4148;702321739.2
13/10/2021;3607.42;393463.1222;1376610270;902525;201681.7182;706082588.7
14/10/2021;3790.82;481894.1473;1792792933;1430307;251733.9105;936783652.9
15/10/2021;3868.99;504321.732;1924965954;1399937;254168.4935;970514136.6
16/10/2021;3829.96;373727.8549;1452752901;1037769;187096.1122;727596178.5
17/10/2021;3846.85;368898.9831;1406207659;1025324;178427.9421;680830276.5
18/10/2021;3744.96;401819.9734;1520728621;994548;195898.4727;741595496.9
19/10/2021;3877.03;341268.3723;1300066270;925015;174324.5608;664357630
20/10/2021;4161.15;537383.0973;2149449047;1766454;279381.9944;1118325110
21/10/2021;4052.99;798566.5581;3335123441;2380751;404846.9768;1692164863
22/10/2021;3972.2;463222.5428;1872218698;1133846;222124.1917;898314133.6
23/10/2021;4167.12;326576.9601;1323345506;940891;168280.0749;682461303
24/10/2021;4082.33;350115.8386;1421627004;917969;173779.212;705808722.8
25/10/2021;4220.37;347438.6534;1445430079;939963;173328.5306;721155504.8
26/10/2021;4131.52;414498.1599;1739912498;1285913;205853.0689;864564656.7
27/10/2021;3922;704604.25;2874313313;1872190;342946.2522;1399582259
28/10/2021;4286.02;626378.5055;2587268364;1711575;331721.6797;1370287598
29/10/2021;4418.89;559231.0769;2440933126;1799386;299827.5777;1309028739
30/10/2021;4322.68;340223.069;1469664812;1035476;164985.5425;712725589.4
31/10/2021;4287.21;412856.2893;1764886608;1303438;207029.193;885572414.3
1/11/2021;4319.43;417620.7073;1794319887;1134036;208433.9365;895858147
2/11/2021;4589.89;468184.793;2083371520;1657233;245450.7112;1092310373
3/11/2021;4603.35;448658.3513;2051737308;1580640;221693.7903;1014198753
4/11/2021;4532.32;368218.257;1663942874;1019675;180789.4819;817221755.7
5/11/2021;4474.24;305651.7244;1375503505;893068;152155.8565;684734029.8
6/11/2021;4518;322154.0973;1429791261;868676;162175.6278;720042764.5
7/11/2021;4612.59;243596.5952;1115635571;834745;124167.1925;568809173.9
8/11/2021;4807.98;391102.3181;1850800840;1344244;202324.4953;957541306.2
9/11/2021;4732.33;311267.58;1489567266;995668;147968.4759;708147066.6
10/11/2021;4628.78;553596.9916;2600175501;1492374;270065.1822;1268630240
11/11/2021;4719;303688.9765;1425610199;909164;157894.3577;741000169.6
12/11/2021;4665.46;461580.0415;2146130117;1206412;233963.1159;1088185089
13/11/2021;4644.28;220720.6611;1026142452;731125;118424.284;550635027.2
14/11/2021;4626.5;245309.0674;1126786539;623491;122672.4061;563409641.2
15/11/2021;4563.78;375421.6601;1752738876;1061676;193844.8631;905084671.5
16/11/2021;4209.76;735857.063;3163788841;1741259;354749.4963;1525045237
17/11/2021;4287.8;472852.1842;1980248928;1146593;230168.3863;964335338.2
18/11/2021;3996.9;576945.1837;2387588165;1319866;271503.5573;1123646213
19/11/2021;4294.76;420045.0897;1740904041;984517;220791.4006;915311333.2
20/11/2021;4412.17;365584.578;1577172914;888090;184875.7626;797947406.8
21/11/2021;4258.31;340206.3203;1479842946;836925;163875.6246;712849743
22/11/2021;4085.97;518501.3338;2167112892;1162581;252693.2206;1055865143
23/11/2021;4339.44;502811.7902;2125825553;1098270;257182.2577;1087600937
24/11/2021;4269.36;448727.0306;1913428105;990018;224088.2362;955466127.6
25/11/2021;4524.85;445868.2434;1962939107;1123629;231824.3193;1020486294
26/11/2021;4041.2;720245.1612;2994490664;1654553;348872.8661;1449711434
27/11/2021;4095.29;275326.5202;1133169071;723831;136157.3482;560538419.1
28/11/2021;4294.78;346471.3551;1421536000;842343;174386.8187;716242629.2
29/11/2021;4444.53;406881.2284;1772611136;947503;197615.3669;861297710.1
30/11/2021;4630.26;743024.4662;3391424543;1808789;382798.4648;1747000995
1/12/2021;4582.95;508198.3105;2382156067;1367302;246310.7878;1154670707
2/12/2021;4511.21;451861.9545;2047468327;1062149;226209.1863;1025021244
3/12/2021;4215.73;677974.8659;2972156868;1516700;333149.3796;1461878585
4/12/2021;4117.25;1111773.145;4370074805;2264288;530635.0464;2087295412
5/12/2021;4196.44;536325.4413;2224220852;1088546;267574.1867;1110245050
6/12/2021;4347.59;726742.9638;2991267299;1447061;359456.3673;1481368763
7/12/2021;4306.4;420749.751;1830621575;986492;209138.1349;910268147.8
8/12/2021;4436.91;429403.9351;1868281438;991178;218029.7487;949111222.9
9/12/2021;4105.64;462173.711;1970732613;1038790;220095.1564;939705730.5
10/12/2021;3897.94;563236.5671;2287155262;1098758;275875.2948;1121490842
11/12/2021;4089.37;427853.4343;1711893272;831899;219400.0965;877920201
12/12/2021;4130;260535.5157;1061361793;591319;132750.983;540996287.6
13/12/2021;3781.93;533467.2307;2068534030;1144882;254674.9584;987547550.4
14/12/2021;3858.99;395145.7462;1499985095;915721;201941.9271;767055531.3
15/12/2021;4019.08;542068.0573;2102151850;1238234;279106.549;1083422762
16/12/2021;3958.11;368780.031;1489983162;848885;183514.6827;741663724.9
17/12/2021;3875.42;463370.9225;1789265513;1052871;229084.7318;885680674
18/12/2021;3959.93;339593.2543;1326617546;740899;169241.7877;661219380.1
19/12/2021;3924.14;306006.323;1208752534;688078;155815.0605;615474823.4
20/12/2021;3944.73;366916.4771;1416566981;844070;174604.9108;674073059.6
21/12/2021;4014.15;340826.3553;1364232642;799127;166855.9599;668028914.6
22/12/2021;3979.51;303191.8076;1215914917;675826;145269.3136;582537202.3
23/12/2021;4111.41;380207.8166;1525274497;911905;194409.2359;780346994.9
24/12/2021;4046.36;230741.8072;943327277.4;593257;108747.5645;444728065.1
25/12/2021;4094.83;208126.8805;846912042.1;515115;100652.6926;409702072.9
26/12/2021;4063.56;189309.255;767315615.3;496076;88120.2395;357288552.8
27/12/2021;4037.23;222202.1383;905588409.9;557284;105486.8778;430055120.4
28/12/2021;3792.75;358064.7163;1393962042;846780;163464.6181;636073474.3
29/12/2021;3630.19;302753.6375;1136202240;719559;138893.5886;521509292.2
30/12/2021;3709.27;249263.7305;921537785.4;583361;125440.9911;463883545.3
31/12/2021;3676.23;268014.2942;1001765030;617370;131438.1771;491454123.8
1/1/2022;3765.54;154143.8968;574718328.5;408666;76937.9798;286855413.6
2/1/2022;3828.27;154791.4263;585374957.7;450610;81170.5053;307056603.7
3/1/2022;3765.89;236245.8586;892944105.6;594541;114525.6299;433084435.8
4/1/2022;3785.11;288258.5549;1098182608;676651;147451.4285;561958201.8
5/1/2022;3540.63;397942.0363;1464819255;962670;183641.1134;676663293.7
6/1/2022;3406.81;496745.7413;1698727637;1006279;250536.4828;856938730.3
7/1/2022;3199.24;669631.7262;2149562773;1307591;329420.1321;1057683053
8/1/2022;3080.95;400692.1061;1252795163;814600;192818.0544;602863815.6
9/1/2022;3151.97;275874.1643;864505480.9;591523;140931.0384;441833198.2
10/1/2022;3082.68;529818.3866;1616550523;935157;259668.2416;792807641.8
11/1/2022;3239.72;362446.7087;1145852584;668961;184190.5779;582792200.3
12/1/2022;3371.26;370465.8015;1226038697;737196;193929.257;641836657.5
13/1/2022;3240.61;336234.8799;1116293608;666486;160295.7388;532448245.9
14/1/2022;3307.42;285326.3505;931347172.8;572125;138986.6442;453872875.3
15/1/2022;3326.04;203100.3778;675484534.7;444485;97533.1176;324387118
16/1/2022;3346.88;210782.2277;701885138.8;495317;105304.5398;350817972.7
17/1/2022;3209.67;284063.6548;922568646.9;646419;138706.976;450497992.5
18/1/2022;3159.85;299134.2728;943140782.4;579484;147919.8085;466359496.8
19/1/2022;3084.02;332996.5703;1035249881;647383;166361.989;517513738.8
20/1/2022;3001.48;357596.7062;1124982398;718946;178166.9919;561491222.7
21/1/2022;2568.15;1022021.7;2828122723;1723216;492708.3219;1364832200
22/1/2022;2412.18;1081357.549;2652383042;1994513;527287.4636;1293783667
23/1/2022;2539.01;580497.7613;1431696376;1053655;300885.431;742655338.3
24/1/2022;2439.29;1123134.704;2592832133;1848889;556098.7349;1284560489
25/1/2022;2458.83;510152.954;1237051148;946366;261026.4288;633004042.5
26/1/2022;2462.99;806441.6229;2058599145;1384921;405477.9203;1034936471
27/1/2022;2424.25;599481.7159;1448742950;1029204;308517.357;745718418.8
28/1/2022;2544.99;485149.8065;1183543182;884305;243890.0215;595442818.2
29/1/2022;2601.43;376666.8246;966725225.8;656017;196742.3966;504979471.3
30/1/2022;2601.68;290770.0859;755039834.6;564478;147074.1889;381845687.6
31/1/2022;2686.94;444584.851;1154488528;814997;226655.5532;589826074.9
1/2/2022;2787.23;390034.2736;1075341491;790343;199367.0436;549663013.5
2/2/2022;2680.67;447852.1228;1215958780;819863;225815.1234;613110822.3
3/2/2022;2695.46;405043.3931;1068724166;726013;207767.1368;548363711.9
4/2/2022;2994.99;664002.9328;1889746044;1235215;338287.3535;962701411.5
5/2/2022;3012.65;356803.3071;1073972573;730502;184328.5685;554943551.9
6/2/2022;3054.99;249394.5966;749957615;522276;125512.0274;377549134.7
7/2/2022;3139.77;455070.2529;1410603198;898923;236657.1049;733764574
8/2/2022;3116.69;514773.5837;1602652877;910882;258325.7281;804657758.1
9/2/2022;3243.94;370267.8913;1171445664;738015;200069.2719;633521333.4
10/2/2022;3072.49;578212.8383;1839815886;1039160;294389.9508;937496491.5
11/2/2022;2927.54;462025.8751;1404238409;912879;225347.5191;685621004
12/2/2022;2918.88;336250.3131;981432045.7;608416;165039.9186;481542585.2
13/2/2022;2871.13;242751.3547;705260941.5;444540;120559.5578;350481622.9
14/2/2022;2929.75;381778.238;1107566193;607853;194221.8781;563663360.7
15/2/2022;3183.52;448971.754;1381094746;795924;237944.8724;732387824
16/2/2022;3122.3;319997.6244;999219896.2;633447;155323.1493;485323462.5
17/2/2022;2891.87;488693.2624;1467352493;840552;233828.0428;702011907.7
18/2/2022;2779.48;502977.4069;1428246803;742459;249635.4651;708728873.9
19/2/2022;2763.63;293838.0025;812399991.6;474447;141892.3022;392252672.9
20/2/2022;2621.99;386384.904;1023095362;615990;179982.3854;476410884.5
21/2/2022;2568.02;761838.9858;2030019705;1116485;375450.9358;1001341577
22/2/2022;2636.29;692639.4942;1787436158;1047915;350929.3036;905871370.4
23/2/2022;2579.71;504470.1412;1347740672;839481;248657.1745;664765649.8
24/2/2022;2596.2;1395732.775;3417715584;1774038;707050.4189;1732942191
25/2/2022;2768.49;679394.1762;1818778015;1102014;360732.9676;966041209.4
26/2/2022;2779.47;418485.2529;1169315478;781683;216251.6942;604354686.8
27/2/2022;2616.79;650198.7785;1757950721;1149184;318022.3875;860366198.5
28/2/2022;2920.95;733794.4488;2004492153;1203874;382192.1865;1045287838
1/3/2022;2976.33;673901.6976;1983738648;1237486;336703.7636;991272629.4
2/3/2022;2947.3;614623.7461;1828572588;1050193;307323.4319;914601548.8
3/3/2022;2833.99;446192.2353;1282099960;770738;215583.3099;619536616.1
4/3/2022;2622.1;556178.7588;1499282207;934846;272794.9911;735559329.8
5/3/2022;2665.15;268730.3036;709708518.9;531829;132344.5447;349622255.2
6/3/2022;2551.29;336487.9099;881200532.3;528787;158089.6763;414180880.7
7/3/2022;2491.12;620171.6787;1575658962;870430;311464.4996;791626717.9
8/3/2022;2575.97;561659.7421;1438848034;812094;282902.6371;724775308.2
9/3/2022;2726.98;562771.7403;1524779168;840331;296746.7595;803535350
10/3/2022;2606.7;559029.9377;1460470256;740676;264792.3285;691745592.3
11/3/2022;2556.86;494583.6568;1281060914;684407;248108.1042;642646386.1
12/3/2022;2568.8;219236.5711;567134036.9;327122;114440.8384;296103645.7
13/3/2022;2515.65;316942.1601;811775081.6;444352;148692.8964;381067370.6
14/3/2022;2589.41;386630.1912;991479973.1;609122;201825.4663;517653965.2
15/3/2022;2617.73;461202.3014;1189436495;686797;235635.1425;608109166.5
16/3/2022;2773.81;666224.7217;1792497068;1055171;338488.8388;911512672.6
17/3/2022;2811.92;379312.541;1058301299;597885;192019.3212;535967207.4
18/3/2022;2938.92;556535.7966;1590887966;794774;295262.3263;844515701.6
19/3/2022;2950.84;325971.5398;961244629.5;556406;167607.0765;494412072.8
20/3/2022;2861.38;377608.8214;1089196046;651827;187345.6127;540409984
21/3/2022;2890.03;450223.9073;1305282354;690648;231550.1453;671432670.7
22/3/2022;2969.64;564868.9839;1692559175;920670;295987.2868;886799022.4
23/3/2022;3036;453962.7298;1350911495;813052;226895.0474;675451952.8
24/3/2022;3110.76;577171.5239;1768485489;853822;298092.171;913674092.6
25/3/2022;3102.14;489099.5572;1532535178;745999;245720.4973;770253604
26/3/2022;3145;207134.847;646551585.7;403089;103598.4935;323415530.8
27/3/2022;3295.65;335467.4145;1072163952;645675;181361.8562;579807710.3
28/3/2022;3332.92;527237.1133;1766636914;964079;270854.1957;907605017.6
29/3/2022;3400.51;465899.8226;1590016971;884317;231156.957;789137059
30/3/2022;3385.79;356082.5231;1206555999;675015;181916.4148;616519459.5
31/3/2022;3281.51;455091.2395;1526047564;770564;216602.7505;726452427.3
1/4/2022;3455.21;532169.2392;1780259683;883079;268660.5014;899094038
2/4/2022;3443.77;499893.29;1740311568;763785;245277.9443;854137231.7
3/4/2022;3521.91;381581.7683;1334671717;619758;194051.9378;678865118.4
4/4/2022;3519.5;449984.1586;1564866360;810677;227537.1061;791274569.7
5/4/2022;3406.99;397782.7437;1383264216;674184;191093.8907;665052981.2
6/4/2022;3168.51;736273.1047;2411228210;1098773;348042.4629;1140287732
7/4/2022;3227.19;458179.3272;1470465125;706382;233162.8713;748511375.2
8/4/2022;3192.39;502422.5048;1634901496;810752;250684.5444;816205996.9
9/4/2022;3258.57;212444.2566;683630508.2;386154;112210.7428;361094272.7
10/4/2022;3203.04;232303.2326;756032282.6;439811;110649.5741;360491570.1
11/4/2022;2979.74;693394.2912;2127486126;969832;330445.6021;1013511043
12/4/2022;3027.66;579522.9505;1750871210;742214;295005.6558;891311086.9
13/4/2022;3118.28;419101.494;1285303925;623328;215591.5489;661284289.1
14/4/2022;3021.98;408382.5572;1249759777;540399;195917.4896;599778999.1
15/4/2022;3040.56;249626.2981;755644733.7;388136;127112.3808;384893733.2
16/4/2022;3059.3;176352.4165;536234354.3;298000;91002.4595;276791716.3
17/4/2022;2988.06;243772.074;742151590.6;389959;117250.931;357193639.1
18/4/2022;3055.56;510251.6536;1508168473;703622;251979.4119;745071559.4
19/4/2022;3101.77;359375.0038;1106468538;521060;187636.8495;577702948.8
20/4/2022;3076.04;415000.0685;1285353922;571292;206446.813;639549546.7
21/4/2022;2983.58;562699.697;1736496193;719659;281522.194;869855348.8
22/4/2022;2962.39;452433.082;1350044345;604084;216294.7313;645524337.5
23/4/2022;2933.03;187576.7324;554261385.9;348435;89693.7455;265012367.5
24/4/2022;2921;218957.0222;643702920.9;354013;106460.8405;312977989.1
25/4/2022;3006.62;619198.3616;1789151246;804935;304457.3579;880321348.2
26/4/2022;2809.67;531184.3504;1544470478;775652;259112.9956;754001908.1
27/4/2022;2888.96;488951.2416;1401317316;669916;246670.3519;706994610.7
28/4/2022;2936.93;537392.9978;1567476628;736818;273351.8061;797420928.3
29/4/2022;2817.13;525978.147;1503869186;678273;255390.6462;730762583.4
30/4/2022;2726.66;367757.2469;1028113962;577285;171690.8377;480105516.8
1/5/2022;2824.81;442544.8792;1230927404;539462;228341.6993;635079254.5
2/5/2022;2856.54;521706.8567;1476062750;625431;269834.1299;763609796.9
3/5/2022;2781.7;371331.1796;1046307601;490176;184363.8992;519353347.8
4/5/2022;2940.64;548738.0668;1572901182;742950;288893.9402;828312420.1
5/5/2022;2747.97;734845.3194;2055752498;935371;350520.4261;980883294.2
6/5/2022;2692.85;711449.3234;1918267933;813458;349985.0658;943463874.3
7/5/2022;2635.34;371271.4532;987464053.4;505005;178447.7479;475117134
8/5/2022;2519.71;757615.3415;1930282595;867730;369624.7096;942238867.8
9/5/2022;2228.55;1574924.979;3725676633;1758980;785287.2222;1857342024
10/5/2022;2342.05;1550626.139;3650912006;1851225;770089.0695;1814101733
11/5/2022;2084.99;2022864.838;4605757120;2825340;1003328.686;2287433515
12/5/2022;1960.22;2305192.908;4485518776;2958830;1149413.567;2239195362
13/5/2022;2009.69;1134042.339;2355144482;1380079;571173.2861;1185879372
14/5/2022;2056.48;563788.3078;1136170836;794510;281099.5159;566477120.6
15/5/2022;2145.29;514398.2587;1067795596;677163;262025.1755;544140622.3
16/5/2022;2023.66;822070.8531;1672324752;1046115;408849.6576;831576415.6
17/5/2022;2090.72;568249.0448;1175068276;820184;285532.6493;590471647.5
18/5/2022;1915.11;631577.2341;1262292139;803676;312760.9821;625432646.7
19/5/2022;2019.55;741476.9794;1461787984;946509;379142.028;747524577.4
20/5/2022;1959.08;576981.5371;1151839845;840589;288229.0147;575366153
21/5/2022;1975.07;238869.7632;470714672.6;417873;118346.0477;233248483.6
22/5/2022;2043.19;355735.1927;715445185.6;540257;183171.2067;368425687.1
23/5/2022;1973.32;636085.0224;1296599784;809254;302465.5284;616921358.8
24/5/2022;1979.41;534096.972;1047864200;598082;266945.8146;523855302.6
25/5/2022;1942.63;524786.3091;1034922798;600224;262403.8246;517508625.3
26/5/2022;1792.23;1168740.575;2157585474;1124028;568892.0724;1050063564
27/5/2022;1727.27;1296693.285;2284866824;1226454;636298.3537;1121310215
28/5/2022;1792.22;558271.1818;988074924.6;645423;274929.0893;486689625
29/5/2022;1813.64;432430.611;776046677.1;447003;220130.2683;394977604.1
30/5/2022;1998.78;814922.8359;1557925971;848129;429356.6023;820387228
31/5/2022;1941.9;751103.4226;1477853074;791367;372240.6566;732469031.3
1/6/2022;1817.95;1037841.271;1954005475;973159;502588.515;947207203.2
2/6/2022;1834.08;788784.4017;1434781730;793304;393723.5095;716261889.9
3/6/2022;1775.12;741282.5346;1319239612;807046;359074.7991;639037260.3
4/6/2022;1804.58;388279.4579;689062743;402734;193658.9013;343739405
5/6/2022;1806.23;371974.5061;670583717;403935;186891.6989;336909024
6/6/2022;1859.84;804250.3567;1509754496;817039;405327.2979;760750310.6
7/6/2022;1813.33;1397598.229;2491786695;1225296;693368.6997;1236307196
8/6/2022;1791.88;941510.1373;1696874614;820627;480434.1803;865687999.8
9/6/2022;1788.81;535310.9618;963245550.8;528098;264221.1578;475519035.8
10/6/2022;1662.91;955035.7924;1648304410;990969;456629.3193;788205272.3
11/6/2022;1532.89;1220325.254;1914818054;1030360;584721.5294;917977346.7
12/6/2022;1434.84;1563225.37;2311178755;1192382;770513.078;1139403039
13/6/2022;1209.82;3626351.665;4611744121;3047112;1791798.249;2278239124
14/6/2022;1208.9;2716493.801;3217818700;2225812;1348790.338;1598488294
15/6/2022;1237.52;3114823.136;3493040697;2868796;1545969.748;1735187765
16/6/2022;1068.5;1447386.83;1649596820;1443117;712044.8573;812156334.5
17/6/2022;1086.94;1220677.949;1329091115;1118997;612161.0345;666616721.8
18/6/2022;995.13;2308983.519;2263399397;1911260;1101942.262;1080171004
19/6/2022;1128.53;2018599.45;2092850318;1796154;1026357.872;1064868109
20/6/2022;1128.24;1721772.913;1910020863;1585055;867678.5867;962585144.2
21/6/2022;1125.85;1306095.376;1500605190;1295971;655284.8532;752977829.7
22/6/2022;1050.19;1306959.859;1420433702;1132300;646031.5713;702291074.9
23/6/2022;1144.72;1278257.09;1415452039;1031001;641656.7356;710456786.6
24/6/2022;1225.02;1337137.483;1589113478;1232149;673998.3259;800669596.5
25/6/2022;1242.36;861986.6177;1048516642;824872;437886.335;532658837.6
26/6/2022;1197.79;884184.273;1094067725;812743;437940.2564;542178116
27/6/2022;1192.51;868734.2061;1047407118;794157;420783.4443;507473498.5
28/6/2022;1144.05;1104065.221;1314982778;952584;533645.7487;636188942.6
29/6/2022;1100.21;1295517.796;1449586743;1145867;652377.6608;730169240.8
30/6/2022;1071.01;1420670.366;1481000139;1180758;701019.9239;730542636.5
1/7/2022;1059.73;1562255.144;1669000121;1218279;783385.8656;837102080.6
2/7/2022;1067.01;714812.0804;752813687;608900;360116.7187;379291428.5
3/7/2022;1074.26;644746.3337;686056543.2;562962;329544.2186;350649880.8
4/7/2022;1151;1150108.986;1266934953;842895;572056.1028;630242868.4
5/7/2022;1132.5;1398961.45;1578654374;1130646;711600.6988;802654486.6
6/7/2022;1186.57;1211768.076;1388074910;1040498;610078.3513;699225684.1
7/7/2022;1237.49;1001316.079;1208160386;877397;503991.6385;608408627.1
8/7/2022;1214.04;1189518.363;1466331924;1233964;605091.0349;746050709.1
9/7/2022;1217.02;576337.1809;702039918.5;716361;285933.8844;348309048.8
10/7/2022;1168.36;1018038.651;1200593502;680105;491394.2049;579379645.6
11/7/2022;1096.4;1201652.305;1370709631;1165044;597646.0363;681716660.9
12/7/2022;1038.58;1261349.632;1347752238;1142194;614931.8525;657086240.9
13/7/2022;1115;2035605.83;2158672348;1423956;1030606.452;1093421247
14/7/2022;1193.42;1605101.926;1816929083;1611421;819667.2647;928967444.4
15/7/2022;1231.25;1466037.258;1794058729;1170632;730397.2075;894408672
16/7/2022;1355.85;1493809.923;1936527899;1678529;777667.4101;1007657142
17/7/2022;1338.65;1246202.88;1687064378;1163593;626408.8792;848289552.9
18/7/2022;1581.04;2029918.765;2980357375;1750043;1068091.402;1567562753
19/7/2022;1542.32;1846048.682;2856463587;1818358;918478.723;1421417594
20/7/2022;1521.58;1351177.425;2109332407;1506300;672453.9477;1050414632
21/7/2022;1575.45;1247327.496;1897833301;1282430;635917.6296;968139590.4
22/7/2022;1535.27;1170723.087;1865036182;1295899;590259.7573;941037922.8
23/7/2022;1548.67;851284.7339;1310964570;950665;423093.9908;651712229.3
24/7/2022;1597.7;1009935.9;1616289078;1238522;511819.2461;819430645.3
25/7/2022;1440.79;1418390.981;2151224739;1407648;690797.6936;1048000399
26/7/2022;1449.12;1199643.741;1684928509;1175787;589360.8966;827885085.9
27/7/2022;1635.74;1513426.041;2305847818;1547390;786958.5056;1199839218
28/7/2022;1724.52;1578145.076;2644280824;1719118;801669.8562;1343890732
29/7/2022;1721.68;1205266.57;2061258807;1439533;607250.6825;1038603691
30/7/2022;1697;735132.5286;1257726969;1028313;359773.1758;615777525.2
31/7/2022;1678.12;696326.8079;1186613538;886708;355783.3479;606331297.2
1/8/2022;1630.28;801566.5648;1328136209;1029570;392775.0848;650859068.2
2/8/2022;1630.91;1081964.51;1745550411;1458878;533311.8644;859848287.9
3/8/2022;1618.16;777724.7413;1276328467;1112406;389458.737;639185361.9
4/8/2022;1607.96;735552.181;1190650505;1051634;364491.9028;590046389.1
5/8/2022;1736.81;1005846.471;1688798692;1404516;512103.1826;860464588.4
6/8/2022;1690.6;523314.6444;899479881;752873;273243.8484;469642311.6
7/8/2022;1700.19;439904.764;745750151.4;692491;226220.1416;383519031.5
8/8/2022;1777.05;781620.5443;1379905146;987727;403146.578;711839570.8
9/8/2022;1702.76;818171.1019;1406671817;1062267;398475.0539;684898876
10/8/2022;1853.57;1317767.513;2346974815;1590681;685632.8856;1223921618
11/8/2022;1880.19;1105261.901;2093718965;1324999;571243.8919;1082235763
12/8/2022;1958.28;717628.1015;1363895151;1027178;365935.017;695903467.4
13/8/2022;1983.55;695876.0293;1382235354;940869;359352.4712;713880075.1
14/8/2022;1935.31;569583.4852;1122186881;856767;284978.8108;561687887.4
15/8/2022;1899.06;949162.3305;1824203092;1295615;470951.5329;905389296.7
16/8/2022;1876.67;622729.1499;1173013843;908578;305961.0557;576443560.7
17/8/2022;1834.25;951824.8975;1781033503;1179058;470464.1007;880482286.4
18/8/2022;1846.39;606254.024;1126844900;848806;296464.2738;551092134.4
19/8/2022;1609.01;1419826.952;2447147973;1681256;675272.2933;1163737622
20/8/2022;1576.04;914615.9226;1468671141;1130991;454267.1105;729678631.8
21/8/2022;1618.13;780662.6062;1255041865;1000876;396587.4419;637725950.4
22/8/2022;1624.66;941192.8954;1483442567;1193059;468265.2769;738188886.4
23/8/2022;1665.41;940246.932;1528222433;1195279;466987.5263;758906670
24/8/2022;1656.56;744667.6078;1228169660;993324;371514.7637;612965815.6
25/8/2022;1695.11;603090.713;1023691864;869479;309268.8451;524945702.1
26/8/2022;1508.18;1149912.829;1862598061;1488212;555637.4978;900512151
27/8/2022;1491.06;756136.6768;1125859038;1015752;379636.6754;565279625
28/8/2022;1426.76;544846.4486;805616000.7;756843;264538.0377;391369191.9
29/8/2022;1551.8;826252.0831;1230281045;1099487;418910.982;623872432.5
30/8/2022;1524.59;1003075.017;1551625839;1292499;498318.3738;770988003.2
31/8/2022;1554.1;949227.6775;1497596316;1471691;472367.89;745430154.4
1/9/2022;1586.16;728710.482;1133222116;1195229;362696.0954;564116804.9
2/9/2022;1575.35;919009.6598;1471855448;1160858;465535.5694;745690939.3
3/9/2022;1557.46;321397.2189;500057144.5;562893;160362.006;249541318.1
4/9/2022;1579.28;296591.1166;463177013.9;520856;151649.7912;236891872.1
5/9/2022;1617.8;503492.937;797702531.4;718867;254761.8242;403686557.4
6/9/2022;1559.01;1010722.858;1650513285;1294086;496027.9747;810065371.4
7/9/2022;1630;850991.4243;1326011622;1132986;430249.0193;670977087
8/9/2022;1635.37;645124.0085;1050551822;1015658;319059.8308;519752582.7
9/9/2022;1718.23;837458.2126;1425281242;1066278;438441.4935;746145541.1
10/9/2022;1774.12;411046.2466;713890164.2;687951;212635.6214;369484697.6
11/9/2022;1766.11;409287.7263;720937621;645729;206627.71;364024270.2
12/9/2022;1716.37;630774.6032;1093457780;979874;317746.0607;551004112.6
13/9/2022;1574.4;1134549.726;1871967440;1337439;577750.7321;953904597.5
14/9/2022;1638.39;764562.5393;1222499363;1088561;401130.5188;641555247
15/9/2022;1472.75;1335499.805;2095367507;1748683;677767.2223;1065686122
16/9/2022;1433.9;693597.2425;1006033555;1111984;339284.6719;492281156.2
17/9/2022;1468.83;421391.3743;608805593.7;694945;214030.8621;309280515.8
18/9/2022;1334.51;804113.468;1118416541;990605;389497.8339;541430482.2
19/9/2022;1375.98;974855.198;1293086591;1235360;490443.5697;650755506.3
20/9/2022;1322.93;658027.1465;889324871.2;981235;328109.0555;443453372.5
21/9/2022;1245.78;1192266.738;1582450800;1445950;590492.7628;785040538
22/9/2022;1326.46;904282.2725;1165151399;1094636;459643.7183;592453362.3
23/9/2022;1327.25;974052.3644;1273403020;1233506;491489.0179;642697282.1
24/9/2022;1317.13;517557.3497;687931980;616390;260952.6788;346899354.4
25/9/2022;1294.63;515533.8409;674560079.2;640687;259096.2947;339189179.2
26/9/2022;1336.17;799166.4333;1048795559;934159;397345.2068;521651019.5
27/9/2022;1328.02;860584.8944;1170630641;1055212;433444.4541;589596662.5
28/9/2022;1337.2;919314.9131;1199743172;1075441;459746.4755;600240588.1
29/9/2022;1335.7;770591.6895;1022673511;950476;387626.0998;514512068.2
30/9/2022;1328.72;740753.611;991505362.3;926935;376839.8864;504471719.5
