date;close;quote_asset_volume;num_trades;taker_buy_quote_asset_volume
1/10/2019;0.021182;3863.066305;133240;1985.159693
2/10/2019;0.021566;2799.584317;92471;1517.568999
3/10/2019;0.021241;2643.899479;87748;1470.490742
4/10/2019;0.02158;2551.654112;87725;1267.219766
5/10/2019;0.021682;2132.693887;93049;1036.28923
6/10/2019;0.021654;2599.204131;108065;1312.46768
7/10/2019;0.021959;3939.019832;140838;1956.60652
8/10/2019;0.0221;3537.165741;135960;1575.306088
9/10/2019;0.022495;5643.104397;184654;2887.394154
10/10/2019;0.022339;3988.031208;137361;2062.207219
11/10/2019;0.021873;4363.505669;153195;2242.000901
12/10/2019;0.021645;2704.132898;104673;1417.148678
13/10/2019;0.021874;2462.23306;96091;1108.435125
14/10/2019;0.022372;2556.236585;102493;1347.572418
15/10/2019;0.022119;3097.269348;128986;1542.849204
16/10/2019;0.021833;2823.059575;114446;1484.668403
17/10/2019;0.021952;2367.859167;98041;1196.848414
18/10/2019;0.021744;2858.109205;97331;1668.43351
19/10/2019;0.021619;2229.429835;87517;1129.405622
20/10/2019;0.021309;1965.972224;83640;960.9175604
21/10/2019;0.021227;2518.354609;98990;1244.807411
22/10/2019;0.021348;2740.600259;104084;1506.117943
23/10/2019;0.021742;6731.602231;179319;3563.807515
24/10/2019;0.021636;3595.064678;123112;1867.570596
25/10/2019;0.020963;5657.56865;176214;2746.732481
26/10/2019;0.019441;7537.699306;253163;3608.745602
27/10/2019;0.019292;3843.219564;162020;1913.39873
28/10/2019;0.019733;3952.706948;156161;1960.536172
29/10/2019;0.020246;4088.400974;144776;1872.304414
30/10/2019;0.020006;3540.609344;138330;1788.675259
31/10/2019;0.019928;2817.322336;118419;1426.852606
1/11/2019;0.019808;2420.041111;113617;1224.678247
2/11/2019;0.019688;1434.585255;82637;731.5087465
3/11/2019;0.019739;1511.245974;83380;763.3820506
4/11/2019;0.01977;2810.125592;117339;1309.468607
5/11/2019;0.020271;2849.885436;121715;1474.807957
6/11/2019;0.020464;2971.057455;119834;1579.549662
7/11/2019;0.020258;2576.806728;110883;1273.807824
8/11/2019;0.02094;3200.473704;126293;1791.169357
9/11/2019;0.02099;2204.867499;95552;1087.486404
10/11/2019;0.020905;2990.350332;120859;1493.684333
11/11/2019;0.021178;2163.931982;99736;1122.077559
12/11/2019;0.021213;2226.413752;105715;1113.415637
13/11/2019;0.02143;2210.845203;84602;1129.071189
14/11/2019;0.021387;2461.630365;104059;1201.906772
15/11/2019;0.021247;3483.544473;137723;1668.862102
16/11/2019;0.021478;2275.588785;95501;1224.57016
17/11/2019;0.021621;2378.490737;100599;1076.477029
18/11/2019;0.021762;3139.765315;121473;1646.526596
19/11/2019;0.021632;2846.478816;120473;1410.254173
20/11/2019;0.021578;2614.103131;112632;1361.059679
21/11/2019;0.021111;4306.249919;157990;2209.59097
22/11/2019;0.020577;7203.508622;261571;3381.593218
23/11/2019;0.020767;2531.125204;137664;1329.780218
24/11/2019;0.020272;2367.14781;116208;1177.55822
25/11/2019;0.020491;5052.261271;186286;2548.290823
26/11/2019;0.020607;2680.972389;108552;1409.507002
27/11/2019;0.020323;3569.224311;144186;1656.441617
28/11/2019;0.02032;2404.498861;105390;1175.782747
29/11/2019;0.019958;3051.112112;99099;1458.676026
30/11/2019;0.020078;2265.354197;74784;1039.064349
1/12/2019;0.020392;2481.500869;89627;1380.710146
2/12/2019;0.020378;1892.378833;86903;877.151183
3/12/2019;0.020175;1819.197202;78248;889.6196312
4/12/2019;0.020212;3043.399108;107770;1443.257447
5/12/2019;0.020046;2301.398973;105678;1024.207018
6/12/2019;0.019721;2040.529736;88994;818.8715532
7/12/2019;0.019652;1541.087219;73894;666.5975554
8/12/2019;0.020031;1734.489926;79296;884.9221197
9/12/2019;0.02008;2016.151974;87304;1038.333506
10/12/2019;0.020149;2247.076094;107725;1180.331023
11/12/2019;0.019888;1542.343029;77266;684.339483
12/12/2019;0.020125;2142.628863;93664;1088.056548
13/12/2019;0.019953;1639.274308;79441;719.0595725
14/12/2019;0.020072;1295.284022;69787;630.0011231
15/12/2019;0.020012;1227.265945;67046;618.8668433
16/12/2019;0.019257;3653.165145;126430;1643.598464
17/12/2019;0.01841;3623.139561;153259;1846.168894
18/12/2019;0.01825;4582.17689;180484;2352.29335
19/12/2019;0.017917;2901.461916;140568;1550.358853
20/12/2019;0.017832;1533.42813;88636;743.8317324
21/12/2019;0.017806;1243.424699;66186;583.8149774
22/12/2019;0.017616;1745.154735;85142;785.1579064
23/12/2019;0.017463;2346.353382;113229;1137.124111
24/12/2019;0.017604;1686.623424;88447;907.0465173
25/12/2019;0.017371;1654.318015;85115;820.5334557
26/12/2019;0.01744;1854.070592;89495;1115.713629
27/12/2019;0.017415;1900.3559;94787;1032.088565
28/12/2019;0.017512;1632.071789;83816;868.4681099
29/12/2019;0.018184;2448.238152;108471;1189.831677
30/12/2019;0.018161;2439.360312;105191;1314.029609
31/12/2019;0.017953;1776.602867;97188;866.7820455
1/1/2020;0.01815;1254.555965;84104;630.6110109
2/1/2020;0.018256;1443.45795;84973;714.0666839
3/1/2020;0.018297;2735.82087;129872;1303.147198
4/1/2020;0.018248;1536.641562;85865;816.2142688
5/1/2020;0.0184;1978.763475;97577;1012.236759
6/1/2020;0.018576;2685.573558;129248;1434.67601
7/1/2020;0.017528;3011.244319;151795;1543.489564
8/1/2020;0.017472;3329.78409;177214;1585.872047
9/1/2020;0.017618;2146.613546;123396;1072.515156
10/1/2020;0.017675;2751.692911;141408;1322.170302
11/1/2020;0.017753;2113.054066;132017;1031.635233
12/1/2020;0.017906;1633.44082;96945;898.9375645
13/1/2020;0.017703;1590.120803;95320;812.1814517
14/1/2020;0.018799;6270.546834;273336;3083.695643
15/1/2020;0.01887;4644.506822;253335;2358.75993
16/1/2020;0.018829;2788.507046;167427;1386.587547
17/1/2020;0.019064;4109.243707;199678;2066.046667
18/1/2020;0.019529;4623.514273;205159;2359.88784
19/1/2020;0.019172;3779.209311;175638;1820.07708
20/1/2020;0.019306;1855.127594;112530;917.1142043
21/1/2020;0.019396;2057.474584;106523;954.6153307
22/1/2020;0.019357;1589.438512;97526;732.6430877
23/1/2020;0.01937;2250.83688;114263;1130.757985
24/1/2020;0.019262;2046.828276;117122;1010.472999
25/1/2020;0.019226;1155.057976;87232;554.7717036
26/1/2020;0.019489;1519.826816;97836;747.8449354
27/1/2020;0.019089;2154.282342;117862;1011.314832
28/1/2020;0.018735;2813.642244;146039;1379.595358
29/1/2020;0.018675;1909.432089;128099;956.8906508
30/1/2020;0.019411;2929.818997;161025;1407.962775
31/1/2020;0.019243;2425.408919;142423;1286.973136
1/2/2020;0.019565;2061.384725;126172;1058.985984
2/2/2020;0.020188;3729.69702;168962;1692.845085
3/2/2020;0.02042;2956.595567;139577;1544.198595
4/2/2020;0.020544;2794.292808;148604;1446.438159
5/2/2020;0.021199;4270.878133;199082;2003.452958
6/2/2020;0.021815;5299.362328;219103;2629.943706
7/2/2020;0.022757;5921.768118;208044;2889.365599
8/2/2020;0.022537;5750.474265;211452;2907.964
9/2/2020;0.022515;3856.584241;160899;1896.698461
10/2/2020;0.022625;4895.076201;194773;2454.974955
11/2/2020;0.023153;5667.667872;214291;2722.139685
12/2/2020;0.025733;10581.41548;341976;5438.191502
13/2/2020;0.026231;10133.76831;312895;5104.413527
14/2/2020;0.027572;8384.9429;244727;4053.330994
15/2/2020;0.026743;10805.94205;313268;5287.834524
16/2/2020;0.026105;9626.562311;329894;4497.773565
17/2/2020;0.0276;9033.095537;283175;4495.058397
18/2/2020;0.0278;10026.91572;273291;5087.126686
19/2/2020;0.026936;6194.037438;198306;3169.252851
20/2/2020;0.026779;7083.94394;238743;3514.320444
21/2/2020;0.027405;4833.059638;160937;2340.788835
22/2/2020;0.027101;3112.545148;105115;1608.517529
23/2/2020;0.027619;3873.757324;109811;1817.78007
24/2/2020;0.027509;5259.429956;140326;2784.182602
25/2/2020;0.026488;5107.677959;150933;2455.132406
26/2/2020;0.025489;8857.560137;209777;4414.097005
27/2/2020;0.025805;8155.357446;193516;4123.980266
28/2/2020;0.026088;5343.356612;148305;2705.775163
29/2/2020;0.025505;3370.588365;108396;1806.809827
1/3/2020;0.02551;4138.237523;121082;2042.006071
2/3/2020;0.026029;4388.991895;116047;2280.233622
3/3/2020;0.025555;3980.834578;107829;2061.075312
4/3/2020;0.025627;3299.225803;93531;1700.628377
5/3/2020;0.025221;4067.733578;112374;1934.298604
6/3/2020;0.026827;5438.901101;129784;2785.851489
7/3/2020;0.026692;5766.699863;131114;2865.932112
8/3/2020;0.024815;8489.588433;192767;4017.925211
9/3/2020;0.025575;8760.122966;210015;4546.464945
10/3/2020;0.025424;5519.000637;134283;2854.917872
11/3/2020;0.024532;5299.16433;138309;2784.121115
12/3/2020;0.02241;21187.21043;492210;10649.5046
13/3/2020;0.024048;32852.12611;626813;16518.91439
14/3/2020;0.02367;8997.180197;179951;4378.331159
15/3/2020;0.023087;7655.905966;165689;3847.983657
16/3/2020;0.022076;13016.65398;261460;6326.663126
17/3/2020;0.021771;6003.420238;130377;3036.263343
18/3/2020;0.02189;7623.763748;125072;3967.673521
19/3/2020;0.022124;11117.80747;219508;5568.266641
20/3/2020;0.021498;10622.97907;268754;4933.169802
21/3/2020;0.021434;4492.054947;125732;2342.109031
22/3/2020;0.021026;3978.655597;113480;1984.115614
23/3/2020;0.02101;4895.341774;132912;2390.178728
24/3/2020;0.020529;4804.602501;131785;2343.149525
25/3/2020;0.020377;4669.870652;115076;2296.671609
26/3/2020;0.020546;3989.332813;115113;1991.486724
27/3/2020;0.020648;4272.358301;99407;1806.319857
28/3/2020;0.020996;5601.862912;106988;2937.06916
29/3/2020;0.021158;3199.708993;72857;1560.202665
30/3/2020;0.020657;4897.013908;96574;2240.107181
31/3/2020;0.020704;3455.906646;78201;1714.47484
1/4/2020;0.02042;4800.805982;87204;2391.568189
2/4/2020;0.020797;6049.149069;120725;2865.919743
3/4/2020;0.02099;4374.897438;86264;2535.992695
4/4/2020;0.021015;4188.237808;78378;2062.116573
5/4/2020;0.021063;2380.152595;58157;1111.961739
6/4/2020;0.023375;10735.1605;181844;5080.051804
7/4/2020;0.022872;10202.54301;163536;4963.642456
8/4/2020;0.023517;5721.890393;108456;2867.022916
9/4/2020;0.023275;3734.455334;85802;1974.98036
10/4/2020;0.023003;8127.332814;142296;3821.563637
11/4/2020;0.023022;3664.937917;68239;1766.659234
12/4/2020;0.022979;3900.630737;74336;1744.910895
13/4/2020;0.022856;5871.780157;88323;2889.335821
14/4/2020;0.023072;3965.037014;74787;1883.524404
15/4/2020;0.023067;6244.946172;79746;3193.881747
16/4/2020;0.024262;9615.095306;147137;4546.755754
17/4/2020;0.024285;4617.083905;74761;2294.060768
18/4/2020;0.025855;7452.517439;111046;4049.777964
19/4/2020;0.025282;7167.029134;105965;3310.190095
20/4/2020;0.024928;8233.633104;125433;3992.891222
21/4/2020;0.024955;4855.14356;82873;2455.38895
22/4/2020;0.025647;5605.44124;81782;2756.028083
23/4/2020;0.024795;10586.09655;132724;5013.38025
24/4/2020;0.02499;5368.147693;82190;2417.998072
25/4/2020;0.025763;5533.118926;99823;3196.661782
26/4/2020;0.025659;4053.531366;82633;1969.523107
27/4/2020;0.025259;5793.975159;94351;3070.690065
28/4/2020;0.025361;4464.348456;72324;2039.572887
29/4/2020;0.024534;11368.86409;180337;5453.838514
30/4/2020;0.023895;9071.655337;181634;4545.635338
1/5/2020;0.024022;4723.069531;111481;2427.678227
2/5/2020;0.02384;4203.445616;92558;2148.500401
3/5/2020;0.023592;3732.321711;89626;1908.596463
4/5/2020;0.023282;4823.811822;116130;2524.636803
5/5/2020;0.022753;3464.148732;85221;1774.532234
6/5/2020;0.02176;5203.244071;112708;2632.331333
7/5/2020;0.021236;7287.351162;177315;3753.937113
8/5/2020;0.021573;4850.372605;125082;2400.731109
9/5/2020;0.022024;4239.653961;106049;1985.902464
10/5/2020;0.021506;7098.445364;200705;3800.376041
11/5/2020;0.021691;4945.038201;152794;2382.794574
12/5/2020;0.021536;3575.734042;130918;1590.254591
13/5/2020;0.021442;4613.691509;132639;2309.668233
14/5/2020;0.020761;5151.290882;154290;2430.55161
15/5/2020;0.020912;6485.187621;137734;3368.63975
16/5/2020;0.02137;4786.707536;106193;2405.352136
17/5/2020;0.02139;4172.280201;104818;1991.712908
18/5/2020;0.022082;5954.742857;113179;2694.718171
19/5/2020;0.021951;3197.335654;79034;1579.168192
20/5/2020;0.022079;3259.496692;86990;1652.729406
21/5/2020;0.021919;4412.046778;107173;2232.429447
22/5/2020;0.022614;4318.891734;109691;2074.011494
23/5/2020;0.022502;3521.797985;75826;1701.20448
24/5/2020;0.022928;4631.351331;104528;2375.408294
25/5/2020;0.022937;4317.927035;108591;2064.317682
26/5/2020;0.022725;4252.4426;109636;2178.080992
27/5/2020;0.022634;4171.307811;112493;1900.413961
28/5/2020;0.023;4814.730051;123252;2254.030155
29/5/2020;0.023407;4961.702894;116788;2362.665522
30/5/2020;0.025128;6933.532966;164769;3419.86969
31/5/2020;0.024511;6708.594849;144819;3642.951738
1/6/2020;0.024337;6681.438101;156975;3267.628867
2/6/2020;0.024977;7062.835133;155119;3533.391718
3/6/2020;0.025305;4217.141681;93240;2075.601952
4/6/2020;0.024843;5702.850586;108740;3011.191704
5/6/2020;0.02495;3578.914736;87606;1709.424303
6/6/2020;0.025028;3252.866683;74214;1533.656993
7/6/2020;0.02509;4651.445567;103983;2512.447981
8/6/2020;0.025193;3463.066463;84060;1747.267295
9/6/2020;0.024948;4226.386487;94557;1998.222879
10/6/2020;0.025067;4866.095434;104199;2469.583676
11/6/2020;0.024837;6433.142428;140802;3167.071154
12/6/2020;0.025098;3884.734281;94049;2068.945686
13/6/2020;0.025138;2874.752182;79658;1553.085909
14/6/2020;0.024809;3117.204248;80886;1324.643635
15/6/2020;0.024493;5788.365666;128287;3035.93237
16/6/2020;0.024702;3908.92133;87635;1974.306818
17/6/2020;0.024702;3647.479801;90670;1919.593324
18/6/2020;0.024638;3285.410196;82044;1657.097762
19/6/2020;0.024598;3788.294655;81302;1762.656471
20/6/2020;0.024457;2737.089907;66601;1315.195687
21/6/2020;0.024534;2668.710678;64100;1276.359049
22/6/2020;0.025102;8236.374249;136743;4096.269154
23/6/2020;0.025263;5912.250868;98620;2847.933194
24/6/2020;0.025233;8388.947256;149136;4135.923161
25/6/2020;0.025136;5577.179613;88663;2717.304771
26/6/2020;0.025065;5930.518987;85731;2880.073144
27/6/2020;0.024516;5548.051321;99324;2658.726838
28/6/2020;0.02467;4373.111493;69523;2058.396292
29/6/2020;0.024804;5684.357861;87849;2787.493885
30/6/2020;0.024685;4260.407176;64905;2085.724196
1/7/2020;0.02502;5051.026843;82356;2527.892686
2/7/2020;0.024925;5532.580262;92522;2866.75502
3/7/2020;0.024829;3975.216391;75133;1974.45128
4/7/2020;0.025085;3797.911257;70488;1954.434817
5/7/2020;0.025087;3572.404555;70684;1785.122788
6/7/2020;0.025862;7708.909085;135090;3910.869871
7/7/2020;0.025859;6331.79506;104007;3049.996969
8/7/2020;0.026174;10134.04262;155705;5142.335112
9/7/2020;0.026206;6082.305599;101838;2909.136944
10/7/2020;0.025973;4699.248479;84946;2302.335792
11/7/2020;0.025902;3803.336649;72998;1834.96623
12/7/2020;0.026102;5594.636991;92600;2987.389561
13/7/2020;0.025918;6405.45243;123780;2830.134577
14/7/2020;0.025978;4399.612453;87516;2262.676119
15/7/2020;0.025941;4473.116642;89901;2351.524996
16/7/2020;0.025574;5549.966962;108434;2510.589688
17/7/2020;0.025419;4918.344007;84693;2348.702152
18/7/2020;0.025698;4587.582157;78946;2443.593558
19/7/2020;0.025966;4364.729256;78731;2278.599491
20/7/2020;0.025765;5995.367422;109130;2657.19446
21/7/2020;0.026154;7917.22258;132930;3882.451383
22/7/2020;0.027708;9645.944478;150669;4998.39592
23/7/2020;0.028664;13342.05636;185428;6358.558859
24/7/2020;0.029262;9665.25094;172209;4541.244406
25/7/2020;0.03147;10594.49363;187277;5304.26096
26/7/2020;0.031314;14070.3972;230018;6843.186728
27/7/2020;0.029191;28196.34146;324054;14154.05998
28/7/2020;0.029046;18444.06136;225042;9054.618651
29/7/2020;0.028618;13590.4964;187180;6548.84974
30/7/2020;0.030172;16129.64499;202323;7857.581348
31/7/2020;0.030557;17204.69267;210523;8713.376342
1/8/2020;0.032795;25275.5899;259962;13108.63848
2/8/2020;0.033638;35971.03071;403100;18259.47458
3/8/2020;0.034394;24426.00347;238175;12720.58169
4/8/2020;0.034812;21963.05364;223150;11121.74078
5/8/2020;0.034119;21014.46196;200802;11027.71882
6/8/2020;0.033562;15009.47488;162777;7874.421065
7/8/2020;0.03271;15036.83308;188195;7857.81489
8/8/2020;0.033757;7519.829725;137373;4032.387341
9/8/2020;0.033396;8633.741247;151462;4131.108691
10/8/2020;0.033255;16588.79225;189947;8391.220436
11/8/2020;0.03327;14173.22594;189334;7217.587984
12/8/2020;0.033473;12477.53212;160973;6461.247342
13/8/2020;0.036038;28584.13931;297228;14294.43774
14/8/2020;0.037254;23214.3547;254778;11855.53023
15/8/2020;0.036472;11329.3341;174154;5935.990539
16/8/2020;0.036408;8886.964738;154184;4388.920333
17/8/2020;0.03507;11072.70977;204893;5615.057748
18/8/2020;0.03532;9581.742574;161735;4909.79725
19/8/2020;0.034667;10807.59516;176381;5538.010054
20/8/2020;0.035085;10292.77988;146718;5286.585963
21/8/2020;0.033645;12944.13337;214223;6439.064953
22/8/2020;0.033884;9302.975919;147506;4701.756689
23/8/2020;0.033541;6721.754569;108669;3326.804668
24/8/2020;0.034704;9187.372481;134761;4766.240601
25/8/2020;0.033836;12464.04387;176064;6329.572506
26/8/2020;0.033662;9154.913074;141958;4578.6736
27/8/2020;0.03383;9977.493835;142568;5160.443667
28/8/2020;0.034282;8676.868286;124828;4493.942317
29/8/2020;0.034767;7990.941277;139177;3938.549745
30/8/2020;0.036626;13911.07631;188855;7205.567618
31/8/2020;0.037235;16094.04095;189055;8125.86448
1/9/2020;0.039875;31174.22787;318058;15372.77429
2/9/2020;0.0386;25449.88779;307881;12529.59738
3/9/2020;0.037616;23659.15118;308395;11612.39948
4/9/2020;0.036882;16242.30677;246496;8085.221581
5/9/2020;0.032961;30037.9462;380616;15004.26138
6/9/2020;0.034398;21279.64647;278283;10647.64117
7/9/2020;0.034086;16548.93354;224699;8318.324266
8/9/2020;0.033312;13374.47639;191128;6585.701153
9/9/2020;0.034332;10765.93328;157753;5329.264012
10/9/2020;0.035593;14679.11021;214811;7716.96169
11/9/2020;0.03597;11958.20046;170482;6113.645074
12/9/2020;0.037144;11038.46029;154622;5548.170533
13/9/2020;0.03546;13679.24524;181775;6853.094209
14/9/2020;0.035336;13832.37456;185193;7189.973615
15/9/2020;0.033754;11089.7918;165612;5964.88256
16/9/2020;0.033332;10764.19843;154179;5579.389442
17/9/2020;0.035593;17297.08398;216560;8680.145492
18/9/2020;0.035162;13554.42121;150861;6671.181471
19/9/2020;0.034763;9656.196688;128359;4901.923472
20/9/2020;0.03397;8901.486556;128814;4478.722733
21/9/2020;0.032659;15283.52589;199877;7741.845311
22/9/2020;0.032687;11171.72314;149758;5704.536861
23/9/2020;0.031311;10308.2987;164484;5076.428443
24/9/2020;0.032506;10723.39605;167316;5464.601489
25/9/2020;0.03293;10185.88654;151320;5215.013235
26/9/2020;0.032989;7680.619085;113886;3811.140052
27/9/2020;0.033181;8142.479271;113098;3938.22995
28/9/2020;0.033096;8739.269146;119792;4403.1987
29/9/2020;0.033189;7532.344275;103795;3779.795391
30/9/2020;0.033385;6468.266474;80970;3227.965415
1/10/2020;0.03323;9472.435549;121391;5012.552185
2/10/2020;0.032694;8548.255821;113782;4390.050278
3/10/2020;0.032817;4522.844696;60895;2173.748619
4/10/2020;0.03303;4636.638509;63042;2341.900491
5/10/2020;0.032765;4862.657497;59531;2489.823636
6/10/2020;0.032149;7255.101466;96732;3648.736861
7/10/2020;0.032025;6386.68027;86438;3290.69613
8/10/2020;0.03212;6919.791684;84512;3548.743231
9/10/2020;0.033036;8320.401531;103900;3606.632683
10/10/2020;0.032809;6880.841962;95558;3329.036509
11/10/2020;0.032912;4859.044324;67988;2397.3852
12/10/2020;0.033521;9171.659247;117598;4433.753419
13/10/2020;0.033366;6088.756284;88087;2968.583192
14/10/2020;0.033168;6599.159484;83443;3181.859709
15/10/2020;0.032821;8903.55858;94035;4504.03059
16/10/2020;0.032284;9674.204631;106737;4850.519369
17/10/2020;0.032425;4834.858165;59544;2428.250529
18/10/2020;0.032878;4989.638738;58074;2507.819176
19/10/2020;0.032276;7291.886305;85105;3472.525449
20/10/2020;0.030942;9895.466165;138765;5034.814483
21/10/2020;0.030546;11560.99102;190485;6071.38679
22/10/2020;0.031919;9035.886465;142482;4198.11191
23/10/2020;0.031662;5508.908682;98694;2638.036188
24/10/2020;0.031429;4311.208331;69659;2247.861809
25/10/2020;0.03115;3762.660562;62839;2007.466014
26/10/2020;0.030086;7420.755046;117393;3917.778193
27/10/2020;0.029584;6608.576489;108116;3399.286756
28/10/2020;0.029258;7187.973453;117682;3771.912188
29/10/2020;0.028783;5926.640311;95521;3022.487429
30/10/2020;0.028213;6401.210479;104584;3237.91018
31/10/2020;0.02802;5186.737884;87496;2625.61997
1/11/2020;0.028822;5252.864447;75531;2549.259478
2/11/2020;0.028263;7132.120504;134605;3531.3408
3/11/2020;0.02766;6760.222704;135843;3501.693854
4/11/2020;0.02846;8615.036376;151819;3999.433623
5/11/2020;0.026729;13313.29231;205330;7076.069939
6/11/2020;0.029261;14437.85522;223054;6570.124573
7/11/2020;0.029373;13217.85054;234077;6550.632689
8/11/2020;0.029359;6628.798112;117098;3275.16449
9/11/2020;0.028989;8395.454378;139081;4326.559791
10/11/2020;0.029441;8148.590666;135250;3857.197373
11/11/2020;0.029527;10795.28912;156050;5295.706514
12/11/2020;0.028378;9180.294491;140642;5128.61317
13/11/2020;0.02919;9688.192513;134266;4589.272886
14/11/2020;0.028679;5586.615341;89501;2801.690924
15/11/2020;0.028087;5483.268062;94672;2829.588439
16/11/2020;0.027555;6755.792872;109291;3416.914735
17/11/2020;0.027302;9935.918694;150598;5082.880831
18/11/2020;0.026914;11694.22282;192512;5629.859463
19/11/2020;0.026473;7726.382423;119055;3737.134449
20/11/2020;0.027344;12364.52418;179116;6095.018465
21/11/2020;0.029536;12610.17225;207523;5866.88858
22/11/2020;0.030406;15617.74414;256716;7707.070991
23/11/2020;0.033131;19363.2636;290640;9467.367233
24/11/2020;0.031573;22764.65453;376756;12036.87179
25/11/2020;0.030411;12036.75211;225219;5954.54228
26/11/2020;0.030318;17893.12889;349954;8871.390876
27/11/2020;0.030256;5372.101734;162021;2531.761816
28/11/2020;0.03033;7321.648909;126898;3527.794039
29/11/2020;0.03168;7252.837912;124895;3589.100497
30/11/2020;0.03131;14027.70462;208739;7334.610367
1/12/2020;0.031189;14515.77687;296898;7335.976833
2/12/2020;0.031091;7488.398358;177381;3863.277654
3/12/2020;0.031709;9784.462336;172070;4948.496997
4/12/2020;0.030416;11245.38623;195556;5695.408536
5/12/2020;0.031169;7986.325797;139551;3703.974695
6/12/2020;0.031076;6600.864811;123533;3332.208894
7/12/2020;0.030848;5504.180815;109719;2745.021573
8/12/2020;0.030287;7921.258718;152474;4072.218071
9/12/2020;0.030908;7721.030575;143170;3854.579137
10/12/2020;0.030621;5551.648767;93584;2794.254476
11/12/2020;0.030181;5427.067626;99217;2747.401734
12/12/2020;0.030207;4282.691806;79627;2122.941538
13/12/2020;0.030818;4999.951704;83439;2539.787888
14/12/2020;0.030421;4213.436166;74111;2244.962286
15/12/2020;0.030305;4794.970869;83524;2461.351517
16/12/2020;0.029864;8537.088644;154704;4423.054222
17/12/2020;0.028185;14076.9043;285386;7162.750571
18/12/2020;0.028292;6935.827858;146283;3484.77068
19/12/2020;0.027621;7803.467311;163466;3905.695274
20/12/2020;0.027193;5995.453223;141966;3059.396408
21/12/2020;0.026753;5902.236413;137134;2984.834963
22/12/2020;0.026729;7143.626325;142784;3519.259463
23/12/2020;0.0252;10148.30558;219619;4998.523345
24/12/2020;0.025806;7126.686421;147565;3509.149709
25/12/2020;0.025363;6775.30383;129788;3438.566965
26/12/2020;0.024055;7885.096516;166092;3918.095794
27/12/2020;0.026057;18044.22688;358235;8819.408392
28/12/2020;0.026967;16455.43136;321071;7574.733294
29/12/2020;0.026732;7341.05402;214069;3689.601112
30/12/2020;0.026046;8698.208131;206933;4379.994222
31/12/2020;0.025458;5941.625862;163547;3017.495458
1/1/2021;0.02485;5498.477191;140532;2673.063058
2/1/2021;0.024062;9538.473585;271256;4714.019897
3/1/2021;0.02964;23408.58952;671050;12285.65369
4/1/2021;0.032551;34052.77417;962251;17093.32573
5/1/2021;0.032393;23326.86645;629535;11829.55199
6/1/2021;0.032873;19513.97252;522426;9593.628711
7/1/2021;0.031048;15937.87823;430443;7655.870098
8/1/2021;0.029975;14904.87328;461815;7312.323303
9/1/2021;0.03183;13114.3458;370234;6146.357631
10/1/2021;0.032878;18450.41076;492554;8708.650999
11/1/2021;0.0307;23910.3995;745797;11201.90101
12/1/2021;0.030851;12584.35866;366838;6126.348506
13/1/2021;0.030232;9690.653798;337982;4637.571917
14/1/2021;0.031451;12091.72747;366196;5513.934181
15/1/2021;0.031812;13921.23314;428390;6709.145332
16/1/2021;0.034114;12329.32322;398589;6174.736138
17/1/2021;0.0344;10689.35258;313857;4862.173777
18/1/2021;0.034357;10061.41462;247006;4699.384903
19/1/2021;0.038079;24238.27426;529610;11686.47954
20/1/2021;0.038819;19123.19446;559594;9108.490395
21/1/2021;0.036036;17947.78499;521006;8354.882855
22/1/2021;0.037402;14337.57925;506131;6987.923973
23/1/2021;0.03845;11285.83917;350866;5672.719936
24/1/2021;0.043163;19138.44237;483741;9227.819354
25/1/2021;0.040854;25676.75976;598468;12397.00695
26/1/2021;0.042065;17463.82178;468189;8486.241992
27/1/2021;0.040841;18270.74023;498956;9076.357581
28/1/2021;0.039843;15840.47352;444671;7638.394094
29/1/2021;0.040281;32512.25373;831960;16130.81646
30/1/2021;0.04022;14033.10186;412794;7093.452144
31/1/2021;0.039662;11277.99923;332862;5704.383578
1/2/2021;0.040996;14166.13144;366174;7127.366617
2/2/2021;0.042623;25900.71695;639460;11641.79181
3/2/2021;0.044242;21240.78678;646418;10374.42026
4/2/2021;0.043194;20536.15713;563165;9843.366914
5/2/2021;0.044888;18825.29345;503648;9558.00951
6/2/2021;0.04276;26616.57158;624820;13524.25035
7/2/2021;0.041537;16616.63501;485377;8510.680503
8/2/2021;0.037731;22278.06941;621977;10805.45909
9/2/2021;0.038113;20495.19392;570173;9738.051925
10/2/2021;0.03885;17922.29229;533565;8738.41365
11/2/2021;0.037235;13958.87719;426539;7033.889421
12/2/2021;0.0389;14918.13695;481471;7337.986151
13/2/2021;0.038498;11111.58032;394413;5267.841699
14/2/2021;0.037053;11464.53592;376636;5571.22419
15/2/2021;0.037132;13408.71324;424764;6297.775411
16/2/2021;0.036251;11781.96052;388401;5971.115325
17/2/2021;0.035491;13679.58193;409933;6865.989063
18/2/2021;0.037605;15672.2969;443958;7612.395417
19/2/2021;0.034977;13938.34912;409768;6765.557918
20/2/2021;0.034251;15970.48875;526016;7773.839246
21/2/2021;0.033674;9522.816362;367540;4710.394968
22/2/2021;0.032859;15421.14519;582788;7491.730161
23/2/2021;0.032266;17883.7653;668661;8410.554016
24/2/2021;0.032672;12045.47112;447204;5858.230145
25/2/2021;0.031475;9365.352256;367428;4638.522742
26/2/2021;0.031197;10585.43129;415953;5204.854114
27/2/2021;0.03163;9010.829057;329058;4601.686307
28/2/2021;0.03144;10430.07263;375463;5139.49709
1/3/2021;0.031649;10437.582;342618;5359.379779
2/3/2021;0.030695;11076.064;338841;5518.234804
3/3/2021;0.031135;9858.137582;329754;5068.275674
4/3/2021;0.031817;9774.389906;332147;4929.250453
5/3/2021;0.031344;9965.559289;332458;4791.50487
6/3/2021;0.033762;13048.23843;371076;5948.434315
7/3/2021;0.033872;10755.50105;318406;5413.834121
8/3/2021;0.034997;13059.71068;378696;6419.996724
9/3/2021;0.034083;10775.70306;352236;5860.425261
10/3/2021;0.03214;11084.17083;352900;5683.593197
11/3/2021;0.031599;10484.56177;322898;5318.129304
12/3/2021;0.03086;9014.959053;342596;4428.017095
13/3/2021;0.031412;10230.84119;340552;4925.754415
14/3/2021;0.031332;6911.398892;252710;3518.225713
15/3/2021;0.032254;10876.44198;378267;5539.37971
16/3/2021;0.031725;9487.129852;306863;4795.685186
17/3/2021;0.030959;9338.465363;307337;4486.783645
18/3/2021;0.030807;7589.842833;245773;3681.380635
19/3/2021;0.031174;5709.440339;221866;2835.780741
20/3/2021;0.031078;5507.548452;227218;2748.440228
21/3/2021;0.03109;5324.518317;208839;2685.069838
22/3/2021;0.031084;6497.305649;251766;3238.379859
23/3/2021;0.030697;6693.234952;256537;3257.362732
24/3/2021;0.030251;7967.893471;304557;3849.461583
25/3/2021;0.03092;7962.625887;289494;4044.992814
26/3/2021;0.030877;8273.394185;251159;4380.274339
27/3/2021;0.030681;5282.306837;194821;2523.666458
28/3/2021;0.030243;4978.544176;180309;2401.308707
29/3/2021;0.03153;8538.5675;278652;4050.574479
30/3/2021;0.031326;7179.866724;226401;3720.901181
31/3/2021;0.03267;8443.193708;317690;4258.391551
1/4/2021;0.033512;9387.934238;300456;4623.65382
2/4/2021;0.03619;10309.15126;361393;5124.61721
3/4/2021;0.035209;9608.315985;319925;4899.940381
4/4/2021;0.035669;6620.493344;229410;3301.236377
5/4/2021;0.035637;8207.893578;312027;3936.378627
6/4/2021;0.036415;8498.17194;326595;4086.89737
7/4/2021;0.035094;8852.941854;360125;4202.2653
8/4/2021;0.035816;6625.873153;233037;3187.357283
9/4/2021;0.035546;5744.528064;203308;2914.230979
10/4/2021;0.035692;8261.16314;279347;4139.975041
11/4/2021;0.035854;5468.16229;219997;2611.978919
12/4/2021;0.035714;7144.809876;246548;3597.995503
13/4/2021;0.036176;10545.83449;373039;5119.102765
14/4/2021;0.038635;12641.14278;469763;5810.165479
15/4/2021;0.039795;11642.00812;405338;5932.702123
16/4/2021;0.039491;11955.87643;445941;5839.438691
17/4/2021;0.038619;8882.9388;353735;4239.879776
18/4/2021;0.039816;13127.36645;580300;6531.600829
19/4/2021;0.038844;7787.463016;319242;3916.827958
20/4/2021;0.041299;11875.24917;417540;5818.994105
21/4/2021;0.043815;16001.14393;464363;7684.798577
22/4/2021;0.04639;26343.17277;715344;13276.10814
23/4/2021;0.04632;20691.70591;552042;10261.30423
24/4/2021;0.044222;7423.100609;220877;3956.104904
25/4/2021;0.047298;8439.886539;213370;4265.482945
26/4/2021;0.046895;9677.133183;264869;4472.971681
27/4/2021;0.048457;8750.12051;238245;4158.196763
28/4/2021;0.050114;12759.39789;356793;5918.788323
29/4/2021;0.051492;12338.96279;334603;5790.081759
30/4/2021;0.048054;14648.17839;358460;7211.097183
1/5/2021;0.050948;12467.54283;327208;5817.299651
2/5/2021;0.052134;9716.775941;271263;4528.137831
3/5/2021;0.059995;23783.56819;592224;12520.98481
4/5/2021;0.060886;31743.59536;756797;15906.51526
5/5/2021;0.061363;22268.15153;536297;10879.53097
6/5/2021;0.061881;16142.65771;422145;7708.350638
7/5/2021;0.060701;12857.20627;347178;6347.49194
8/5/2021;0.066428;23503.0943;564070;11444.86832
9/5/2021;0.067375;19935.75777;478376;9817.567632
10/5/2021;0.070722;29649.24154;694174;15217.09534
11/5/2021;0.073644;18289.46346;437879;9897.905423
12/5/2021;0.076971;30275.51121;658207;15464.63559
13/5/2021;0.074888;34428.35358;783127;17491.98272
14/5/2021;0.081775;22370.62493;454530;11466.09689
15/5/2021;0.077975;19949.46221;412162;9925.587067
16/5/2021;0.077152;22550.91344;475043;11349.02064
17/5/2021;0.075381;23045.26762;510698;11412.25937
18/5/2021;0.078759;18496.0273;383674;9367.23062
19/5/2021;0.06654;56836.34204;1201493;28345.30327
20/5/2021;0.068299;29892.86924;754506;14552.69844
21/5/2021;0.065253;25652.06987;613904;12652.47037
22/5/2021;0.061273;21715.21733;534801;10645.4139
23/5/2021;0.060484;30882.98181;711587;15153.89266
24/5/2021;0.068225;26829.028;630999;13008.50892
25/5/2021;0.070566;22586.92655;523690;11173.67296
26/5/2021;0.073529;19391.43948;444023;9174.686353
27/5/2021;0.071189;13599.7402;321909;7036.058495
28/5/2021;0.067657;18226.00791;426313;8710.886666
29/5/2021;0.065848;15597.80874;349824;6756.675322
30/5/2021;0.066927;12534.97048;280266;5704.933579
31/5/2021;0.072668;17600.7864;380039;8314.519737
1/6/2021;0.071793;12980.04201;298898;6237.22728
2/6/2021;0.072026;11155.59933;259597;5487.731401
3/6/2021;0.072811;11868.07128;263921;6168.45736
4/6/2021;0.073002;10881.5789;264347;5522.626003
5/6/2021;0.073986;10568.89874;242495;4419.895335
6/6/2021;0.075737;9034.005254;204804;4346.748742
7/6/2021;0.077237;12548.35045;266688;5833.467945
8/6/2021;0.075124;13793.31253;305348;6313.468766
9/6/2021;0.069821;17186.49131;333147;9156.844451
10/6/2021;0.067396;12047.53173;228578;6096.366254
11/6/2021;0.063058;10652.04679;218838;5805.622205
12/6/2021;0.066696;12266.58279;220340;5709.60338
13/6/2021;0.064306;9358.0703;199568;4777.690906
14/6/2021;0.063699;10377.26965;215381;4965.364342
15/6/2021;0.063349;9585.7199;194293;4605.22824
16/6/2021;0.061761;7517.680787;166156;3891.941522
17/6/2021;0.062304;7077.503261;163247;3754.409868
18/6/2021;0.06236;8084.611952;193131;3802.140584
19/6/2021;0.06101;6853.972171;165151;3200.593278
20/6/2021;0.063035;8634.610553;197758;4087.403667
21/6/2021;0.059648;14142.50702;349980;6702.562598
22/6/2021;0.057806;13935.84705;341929;6944.566027
23/6/2021;0.058455;9226.036714;211385;4672.721004
24/6/2021;0.057402;12989.48653;222018;7971.420833
25/6/2021;0.05729;10505.9919;232180;5479.239035
26/6/2021;0.056677;8589.077944;198614;4037.061382
27/6/2021;0.057123;8320.98232;190465;4370.699602
28/6/2021;0.060431;14486.84937;299056;6748.950922
29/6/2021;0.060289;9709.457856;228429;4147.486548
30/6/2021;0.064932;9965.297796;237167;4798.351143
1/7/2021;0.062865;7903.576616;196444;3927.857835
2/7/2021;0.063758;6931.518754;177920;3381.956345
3/7/2021;0.064231;6421.074324;149671;3051.60524
4/7/2021;0.065822;7156.763309;174024;3576.006477
5/7/2021;0.065179;7316.227065;176438;3636.816626
6/7/2021;0.067864;8380.828488;202321;4062.757535
7/7/2021;0.068401;7998.933585;171742;3652.272109
8/7/2021;0.064366;10068.51156;212197;4888.092439
9/7/2021;0.063492;8664.089371;186563;4617.540171
10/7/2021;0.063;6208.842816;138505;3114.465096
11/7/2021;0.062488;4815.965717;104158;2386.919018
12/7/2021;0.0614;6421.090599;144092;2926.855145
13/7/2021;0.059298;6539.909962;157679;3004.718403
14/7/2021;0.060768;7495.026678;167366;3395.747058
15/7/2021;0.060226;6559.077157;163917;3176.2072
16/7/2021;0.059786;5462.139885;145609;2726.300423
17/7/2021;0.060264;4461.904207;115150;2229.130843
18/7/2021;0.05952;7892.356514;166944;3987.841789
19/7/2021;0.058971;5184.502401;133743;2584.779492
20/7/2021;0.059953;7522.110982;168017;3641.230275
21/7/2021;0.062089;8746.976346;204305;4375.948529
22/7/2021;0.062697;8421.695717;170908;3928.084991
23/7/2021;0.063164;7660.697181;162975;3893.529282
24/7/2021;0.063771;6902.157871;156490;3366.189149
25/7/2021;0.061909;5769.407086;140037;2928.76281
26/7/2021;0.059831;13822.04151;314919;6791.349378
27/7/2021;0.058279;9111.358416;225287;4856.626399
28/7/2021;0.057481;8725.055258;211175;4441.116915
29/7/2021;0.059547;7023.230833;167658;2979.248219
30/7/2021;0.058326;9855.289417;230866;4763.236534
31/7/2021;0.06104;6174.652086;164503;3156.359677
1/8/2021;0.064114;10348.43889;253217;5123.028724
2/8/2021;0.066593;9119.99616;219190;4451.65045
3/8/2021;0.065666;9805.611653;238367;4859.943471
4/8/2021;0.068589;10226.74935;252138;5245.714307
5/8/2021;0.069182;17762.22608;387318;9027.292901
6/8/2021;0.067498;11097.20887;243747;5443.763435
7/8/2021;0.070902;13173.84735;288116;6350.690644
8/8/2021;0.068759;9332.121523;232356;4558.72968
9/8/2021;0.068323;11253.87629;261662;5522.853586
10/8/2021;0.068913;8585.724753;226579;4258.048957
11/8/2021;0.069438;8540.917036;219079;4299.767162
12/8/2021;0.068595;8081.09177;214198;3894.580224
13/8/2021;0.069509;7484.903733;184636;3620.752252
14/8/2021;0.069333;6358.789462;163495;3064.137496
15/8/2021;0.070406;8315.306919;209529;4134.243323
16/8/2021;0.068555;8222.169754;197367;4195.021575
17/8/2021;0.067391;9504.092806;233498;4945.489551
18/8/2021;0.067445;8042.983925;192795;3998.452582
19/8/2021;0.068097;8220.614306;192592;4019.783702
20/8/2021;0.066602;9307.262486;195534;4526.273852
21/8/2021;0.066017;5794.302855;144972;2876.150575
22/8/2021;0.065754;6158.08226;142366;3054.780311
23/8/2021;0.06711;8558.085618;192772;4412.873528
24/8/2021;0.066502;7187.76339;162967;3612.223358
25/8/2021;0.065894;6428.246582;145901;3258.968164
26/8/2021;0.066032;6604.380747;157652;3312.005043
27/8/2021;0.066726;8332.866485;171503;4263.928017
28/8/2021;0.066372;6282.898043;111751;3156.650556
29/8/2021;0.066101;5861.536359;129074;2881.984053
30/8/2021;0.068734;10834.88663;218141;4961.443821
31/8/2021;0.072812;15032.30972;293549;7724.446731
1/9/2021;0.078401;15375.66322;327285;7984.845833
2/9/2021;0.076868;13777.782;265970;7253.972573
3/9/2021;0.07877;13605.833;266580;7147.719666
4/9/2021;0.077832;9847.337801;201818;4661.575729
5/9/2021;0.076316;9846.786779;199227;4789.859407
6/9/2021;0.07455;8628.540125;181138;4059.932022
7/9/2021;0.073272;17535.73558;461605;8879.882981
8/9/2021;0.075969;11945.06252;315133;5679.569897
9/9/2021;0.073819;9167.469552;241081;4759.53534
10/9/2021;0.07155;7697.419464;234849;3665.945118
11/9/2021;0.072331;4965.162992;165359;2515.915294
12/9/2021;0.073976;6351.397174;193753;3210.906145
13/9/2021;0.073102;8831.04932;252799;4207.062132
14/9/2021;0.072905;6253.675835;170954;3337.409695
15/9/2021;0.075092;8515.28179;202143;4391.573656
16/9/2021;0.074728;7725.914905;204423;3800.977835
17/9/2021;0.07186;7814.04174;187529;3942.588165
18/9/2021;0.071139;6187.524179;166455;3062.893889
19/9/2021;0.070452;5810.998278;157570;2839.447839
20/9/2021;0.0692;8210.995712;259046;4100.298329
21/9/2021;0.06791;9243.837641;314747;4593.800878
22/9/2021;0.070664;6994.905862;225485;3361.949365
23/9/2021;0.070264;5898.376997;181771;3138.634225
24/9/2021;0.068395;9258.150712;281034;4438.15577
25/9/2021;0.068479;5293.772755;201518;2637.342935
26/9/2021;0.070881;7889.576594;255490;3810.796232
27/9/2021;0.069405;5594.961764;191738;2808.512838
28/9/2021;0.068376;5844.859849;193089;2880.321308
29/9/2021;0.068637;4328.101403;150221;2147.243573
30/9/2021;0.068473;5182.485338;176287;2695.176936
1/10/2021;0.068752;6369.689104;217302;3112.561297
2/10/2021;0.071098;6401.251808;197391;3161.739684
3/10/2021;0.070907;4582.92749;157252;2232.546643
4/10/2021;0.068791;6032.15668;202332;2997.899815
5/10/2021;0.068292;6424.682503;193492;3460.997314
6/10/2021;0.064618;9212.504998;295223;4574.803694
7/10/2021;0.066703;6871.880449;229116;3459.551523
8/10/2021;0.066043;5505.205826;195670;2675.035626
9/10/2021;0.06505;3551.371032;132380;1743.969841
10/10/2021;0.062459;5552.771724;195584;2608.150245
11/10/2021;0.061625;6835.735234;225456;3412.486626
12/10/2021;0.062347;7100.581716;225746;3321.690055
13/10/2021;0.062871;5762.453935;193301;2927.439437
14/10/2021;0.066111;10321.06723;293622;5190.015958
15/10/2021;0.062732;9905.859246;296015;4854.873644
16/10/2021;0.062912;6931.388767;206651;3280.260485
17/10/2021;0.062526;6028.233868;185576;3076.352732
18/10/2021;0.060391;6240.937962;203641;3127.735002
19/10/2021;0.060312;6442.463037;201566;3176.367831
20/10/2021;0.063061;8667.41394;268837;4290.623705
21/10/2021;0.065148;14185.38138;441192;6492.487566
22/10/2021;0.065446;6338.327303;199872;3446.038753
23/10/2021;0.067997;5183.565102;170954;2593.452923
24/10/2021;0.067079;5087.916649;161735;2447.367339
25/10/2021;0.066897;5546.270472;180063;2731.174031
26/10/2021;0.068492;5635.562064;208142;2774.691445
27/10/2021;0.067146;9302.622926;337715;4315.330476
28/10/2021;0.070775;8479.161797;345477;3984.240369
29/10/2021;0.070991;6959.742953;263820;3452.351318
30/10/2021;0.069861;3915.471784;152301;2016.192172
31/10/2021;0.069937;6080.453467;216834;3117.152712
1/11/2021;0.070922;5418.052376;201194;2477.145179
2/11/2021;0.072588;6286.503271;236093;3082.835094
3/11/2021;0.073189;6606.716965;231245;3359.263964
4/11/2021;0.073825;5014.482875;180371;2523.904511
5/11/2021;0.073411;4200.598913;156573;2131.58357
6/11/2021;0.073481;3953.209834;149632;1958.600888
7/11/2021;0.072899;4108.481809;155219;2142.87108
8/11/2021;0.071197;7508.142516;245302;3718.828407
9/11/2021;0.070691;5570.35399;183320;2936.100091
10/11/2021;0.071356;6786.164207;245540;3171.445417
11/11/2021;0.072847;5306.278501;173578;2579.384757
12/11/2021;0.072763;5329.036922;181452;2517.634285
13/11/2021;0.072131;2845.127115;108077;1442.530016
14/11/2021;0.070615;4120.430586;136720;2213.127037
15/11/2021;0.071741;5058.2373;169088;2689.02925
16/11/2021;0.070067;6798.562038;271722;3322.099608
17/11/2021;0.071067;6192.206041;207023;2879.292057
18/11/2021;0.070247;6477.146946;216089;3295.380723
19/11/2021;0.073974;7283.607428;231534;3529.531015
20/11/2021;0.073905;4813.344442;159864;2363.973392
21/11/2021;0.072659;3843.023918;132638;2050.223937
22/11/2021;0.072637;5127.335778;193146;2502.340498
23/11/2021;0.075413;7143.33796;230711;3768.926758
24/11/2021;0.074728;5100.874566;197895;2486.430138
25/11/2021;0.076734;6976.020087;246512;3175.425846
26/11/2021;0.075222;7734.02215;299231;3798.601815
27/11/2021;0.074831;3413.30198;133210;1790.309741
28/11/2021;0.074985;4130.924666;152961;1992.494267
29/11/2021;0.076924;5157.941865;178900;2697.128236
30/11/2021;0.081298;10339.59102;314278;5355.415795
1/12/2021;0.080151;8933.211766;281451;4519.736432
2/12/2021;0.079887;6342.049464;207755;2970.980722
3/12/2021;0.078659;7191.58518;246942;3336.532905
4/12/2021;0.083763;16139.95282;555401;8687.99261
5/12/2021;0.084954;7584.662073;243538;3870.632482
6/12/2021;0.086181;7872.400905;301238;4126.235999
7/12/2021;0.085111;5128.097822;166032;2599.443808
8/12/2021;0.08791;6757.08609;199405;3356.004132
9/12/2021;0.086359;6086.590422;183389;2957.746468
10/12/2021;0.082691;8273.516684;225255;3743.371303
11/12/2021;0.082806;4689.250269;158739;2278.292591
12/12/2021;0.082498;4883.951071;130683;2414.685269
13/12/2021;0.08098;6830.6921;208246;3405.417777
14/12/2021;0.079828;7072.6941;209922;3638.690847
15/12/2021;0.082259;7799.371397;233097;4044.849395
16/12/2021;0.083081;7675.710384;196429;3712.339687
17/12/2021;0.084013;7953.466968;212369;4147.913354
18/12/2021;0.084551;5224.71309;160778;2414.786772
19/12/2021;0.084054;4037.896859;127146;1953.907305
20/12/2021;0.084076;5203.078243;163321;2736.044865
21/12/2021;0.082121;4905.834176;143536;2369.110068
22/12/2021;0.08189;3965.864151;118834;2024.760375
23/12/2021;0.080897;5478.904517;153197;2680.652713
24/12/2021;0.079613;3672.577933;115525;1660.205757
25/12/2021;0.081235;3401.060313;103715;1667.23623
26/12/2021;0.080029;2687.222005;87478;1231.243673
27/12/2021;0.079633;3575.639911;108848;1886.640597
28/12/2021;0.07977;4653.100837;140188;2354.193983
29/12/2021;0.078125;5666.216699;141646;2850.287956
30/12/2021;0.078722;3648.839542;105466;1790.589879
31/12/2021;0.079552;4200.405541;114597;2077.471912
1/1/2022;0.078911;2794.654471;88391;1371.797098
2/1/2022;0.080962;3622.037583;108799;1743.799502
3/1/2022;0.081069;4334.834971;121342;1950.157911
4/1/2022;0.082585;4915.604807;138840;2372.179282
5/1/2022;0.081486;5211.662445;177136;2464.084325
6/1/2022;0.079072;7032.829826;199317;3603.635642
7/1/2022;0.076943;7822.425388;223461;3567.711253
8/1/2022;0.073922;5160.270459;151094;2402.174559
9/1/2022;0.075293;4380.683921;116279;2000.642541
10/1/2022;0.07371;5497.992998;145675;2453.66137
11/1/2022;0.075829;4250.266595;120377;2146.216646
12/1/2022;0.076789;4667.972878;126098;2333.208425
13/1/2022;0.076148;3907.969098;114383;1908.063726
14/1/2022;0.076806;3343.329256;107933;1631.587503
15/1/2022;0.077209;2584.555308;83673;1291.381808
16/1/2022;0.077701;2864.966005;97591;1466.133869
17/1/2022;0.076055;3997.794784;131169;1987.241191
18/1/2022;0.074599;4167.840455;122602;1945.511275
19/1/2022;0.074034;3932.772146;119016;1958.165422
20/1/2022;0.073777;4051.178596;123211;1948.880287
21/1/2022;0.070444;10145.15303;292371;4302.08543
22/1/2022;0.068779;9839.975939;313911;4748.005982
23/1/2022;0.070057;6245.093842;173479;3066.561078
24/1/2022;0.066549;10330.13219;285512;4910.927024
25/1/2022;0.066518;5148.993095;155356;2486.134614
26/1/2022;0.066919;7805.277979;236176;3730.390243
27/1/2022;0.065228;5612.906248;180105;2765.11741
28/1/2022;0.067484;5328.198892;174451;2752.039459
29/1/2022;0.068165;3690.50386;126530;1831.324443
30/1/2022;0.068679;3071.761441;113649;1528.042312
31/1/2022;0.069845;4680.549979;154227;2436.755648
1/2/2022;0.07203;5287.208638;153847;2583.581456
2/2/2022;0.072611;5114.362344;170979;2623.541267
3/2/2022;0.07225;4229.507486;145767;2136.446043
4/2/2022;0.072049;7014.730343;224702;3650.325551
5/2/2022;0.072806;3847.129747;130431;1719.0764
6/2/2022;0.072097;2325.181053;88628;1134.31223
7/2/2022;0.071621;4102.628276;145703;1970.650396
8/2/2022;0.070769;4429.761607;175591;2198.170936
9/2/2022;0.073097;4468.195878;141779;2169.883656
10/2/2022;0.070642;5227.376484;179510;2627.816086
11/2/2022;0.069088;3580.829416;143814;1781.145862
12/2/2022;0.069138;3258.998339;126870;1622.01101
13/2/2022;0.068262;2107.453705;89089;1004.08202
14/2/2022;0.068873;2770.927107;109111;1396.328068
15/2/2022;0.071472;3619.603699;125749;1615.246328
16/2/2022;0.071157;3082.873183;118757;1452.567789
17/2/2022;0.071373;3736.023261;161220;1911.884237
18/2/2022;0.069521;3903.456151;144561;1981.183909
19/2/2022;0.068956;2917.046719;109935;1376.00205
20/2/2022;0.068301;3506.473823;144194;1849.707803
21/2/2022;0.069395;4904.82476;204122;2492.223712
22/2/2022;0.068962;3864.539393;176294;1930.124143
23/2/2022;0.069248;3581.489287;193733;1820.512639
24/2/2022;0.067748;7838.937739;374978;3863.955493
25/2/2022;0.070586;5203.059745;268572;2754.077131
26/2/2022;0.071054;4100.887527;231649;2042.325534
27/2/2022;0.069422;5079.119747;269391;2463.266724
28/2/2022;0.067673;6000.185539;272161;2874.450024
1/3/2022;0.066997;5494.893144;262086;2642.126509
2/3/2022;0.067142;5054.942616;230242;2642.247982
3/3/2022;0.066756;4662.433744;158198;2275.86397
4/3/2022;0.066982;5729.163705;190999;2736.272243
5/3/2022;0.067656;3882.198364;118208;2137.727395
6/3/2022;0.066396;3943.237724;130859;1945.511035
7/3/2022;0.065575;5704.481474;183000;2788.881579
8/3/2022;0.06651;4985.875865;172085;2520.306552
9/3/2022;0.065017;6026.967601;192488;2873.953352
10/3/2022;0.066123;4926.557009;171213;2666.812519
11/3/2022;0.066016;4944.803796;170725;2471.312319
12/3/2022;0.066197;2382.354283;84531;1239.347732
13/3/2022;0.066587;3090.30943;106092;1577.357321
14/3/2022;0.065276;5128.091681;165592;2507.957119
15/3/2022;0.06664;4874.865818;164876;2558.015151
16/3/2022;0.067468;6641.202636;243990;3319.077246
17/3/2022;0.068726;5114.698776;161385;2700.981461
18/3/2022;0.070377;6683.088625;200264;3437.187087
19/3/2022;0.069916;3866.645975;137116;1927.100265
20/3/2022;0.069355;3275.922604;129832;1599.907107
21/3/2022;0.070491;4742.779921;172728;2456.550607
22/3/2022;0.070094;5831.902308;195631;2843.753236
23/3/2022;0.070801;5060.244119;171046;2525.048968
24/3/2022;0.07072;5815.766809;185945;2968.980829
25/3/2022;0.070012;6533.337792;175302;3070.496507
26/3/2022;0.070655;2524.787415;87573;1258.7299
27/3/2022;0.070378;4183.939029;136948;1989.536452
28/3/2022;0.070731;5258.284192;176737;2371.126181
29/3/2022;0.071693;4869.374783;187365;2455.456984
30/3/2022;0.071934;3865.030677;149578;1970.121341
31/3/2022;0.072103;6843.011987;179773;3581.868827
1/4/2022;0.07466;7689.409908;212963;4065.752049
2/4/2022;0.075165;6158.040688;144499;3125.278078
3/4/2022;0.075886;4598.184371;108362;2300.59571
4/4/2022;0.075549;6301.418755;152006;3215.306036
5/4/2022;0.074878;5105.761355;127331;2504.846135
6/4/2022;0.073398;8710.254622;203620;4183.414911
7/4/2022;0.07429;6033.457567;146374;3063.547769
8/4/2022;0.075549;7223.166367;167165;3721.247333
9/4/2022;0.076215;3194.152333;92704;1627.888032
10/4/2022;0.075973;3406.497271;103167;1739.526415
11/4/2022;0.075379;9173.667437;222274;4686.418918
12/4/2022;0.075545;6876.850214;152289;3454.472049
13/4/2022;0.075789;6253.87168;137361;3129.664738
14/4/2022;0.075657;5277.187151;101869;2668.971074
15/4/2022;0.074984;3912.928297;76665;1895.426802
16/4/2022;0.075762;2834.120089;59436;1473.547616
17/4/2022;0.0753;4146.466639;93141;2146.179652
18/4/2022;0.074891;6963.35897;158123;3445.437783
19/4/2022;0.074759;5067.547712;106954;2523.535888
20/4/2022;0.074386;5287.533675;127312;2560.087543
21/4/2022;0.073706;6792.24812;142273;3439.27699
22/4/2022;0.0746;5521.630247;136935;2931.56011
23/4/2022;0.074356;2762.119391;80583;1365.73209
24/4/2022;0.074044;2994.161417;86982;1439.919279
25/4/2022;0.074369;7799.491107;188425;4043.854575
26/4/2022;0.073716;6425.773519;165608;3088.521297
27/4/2022;0.073638;5140.933103;142658;2563.812878
28/4/2022;0.073899;5933.000514;157786;2975.185629
29/4/2022;0.07299;6316.969207;140107;3053.597298
30/4/2022;0.072461;4206.476008;104967;2044.617213
1/5/2022;0.073442;5101.595364;115813;2606.917343
2/5/2022;0.074146;6822.115596;151954;3392.407812
3/5/2022;0.073723;5148.076097;113495;2566.771268
4/5/2022;0.074093;6869.326134;154099;3421.098668
5/5/2022;0.075174;8433.25352;175774;4457.492242
6/5/2022;0.074771;7168.585005;141367;3549.209564
7/5/2022;0.074288;5710.920611;122552;2798.57826
8/5/2022;0.074017;10322.51046;185688;5191.022872
9/5/2022;0.074117;17162.07344;339017;8805.171922
10/5/2022;0.075516;16965.71786;382131;8722.268992
11/5/2022;0.071658;20008.64797;568518;9456.36349
12/5/2022;0.067521;20852.75848;583820;9482.100061
13/5/2022;0.068624;12028.80463;259928;5573.557339
14/5/2022;0.068352;6344.613531;134423;3091.362263
15/5/2022;0.068484;6657.035865;131457;3258.286492
16/5/2022;0.067728;10530.87051;192161;5065.552757
17/5/2022;0.068674;8185.627667;148971;4043.336326
18/5/2022;0.066686;12267.65116;205512;5866.978799
19/5/2022;0.066606;15347.66126;242335;7059.900648
20/5/2022;0.067094;11436.95071;199392;5558.400268
21/5/2022;0.067078;3848.483577;79015;1927.907404
22/5/2022;0.067443;7478.437167;142578;3698.421439
23/5/2022;0.067791;12704.7361;228223;6366.351889
24/5/2022;0.066725;3407.471514;66419;1570.609833
25/5/2022;0.065759;5642.118437;105099;2605.930274
26/5/2022;0.061367;12583.3579;259495;5923.094134
27/5/2022;0.060334;15024.38297;298316;7529.397715
28/5/2022;0.061731;8953.503337;139847;4654.556964
29/5/2022;0.061541;5589.875179;96868;2715.29178
30/5/2022;0.062991;9329.637854;178438;4791.20197
31/5/2022;0.061062;9762.035058;215453;4880.643684
1/6/2022;0.060994;15375.89452;281678;7305.868788
2/6/2022;0.060228;13051.12216;250585;6269.519251
3/6/2022;0.059765;12485.25161;238790;6196.264153
4/6/2022;0.06042;6373.838503;132224;3190.690986
5/6/2022;0.060367;6756.339897;137394;3437.779874
6/6/2022;0.059281;13634.36189;266234;6802.815033
7/6/2022;0.058259;25360.61182;394859;11924.77923
8/6/2022;0.059321;21722.21566;313428;10118.93894
9/6/2022;0.059407;14128.00185;212100;7333.707113
10/6/2022;0.057158;20307.61382;333822;9354.265437
11/6/2022;0.053924;23315.78672;417120;11313.72446
12/6/2022;0.054003;30576.44551;452958;14926.35129
13/6/2022;0.053793;43851.86861;757337;21587.09506
14/6/2022;0.054571;26317.29541;527068;13005.62098
15/6/2022;0.054807;29762.38715;598753;14935.72332
16/6/2022;0.052371;15230.8378;348526;7545.595761
17/6/2022;0.053097;11848.91627;282902;5930.264208
18/6/2022;0.052445;16617.40427;407074;7816.120126
19/6/2022;0.054849;12278.17314;343613;5899.751916
20/6/2022;0.054833;16413.52844;344710;8139.972827
21/6/2022;0.054328;12319.89155;247683;5933.128979
22/6/2022;0.05254;11577.7335;227668;5442.110079
23/6/2022;0.054229;11479.22501;222447;5948.128391
24/6/2022;0.057685;13576.84923;282569;7006.938934
25/6/2022;0.057796;9394.684453;193391;4479.860657
26/6/2022;0.05694;10643.81595;199661;4934.770902
27/6/2022;0.057496;10157.28638;199510;5117.890161
28/6/2022;0.056411;12147.0619;222418;5910.639329
29/6/2022;0.054671;18198.46439;307343;8225.792708
30/6/2022;0.053715;16111.68266;290135;8078.023624
1/7/2022;0.054959;13537.22977;267275;7014.721547
2/7/2022;0.055416;8144.513692;162299;4127.213129
3/7/2022;0.055615;8177.850576;150322;3902.524959
4/7/2022;0.056879;12025.75318;214457;6310.016133
5/7/2022;0.056143;13352.30135;241008;6673.212685
6/7/2022;0.057702;13200.42916;240889;6688.28942
7/7/2022;0.05721;12328.10721;231106;6070.559848
8/7/2022;0.056218;13622.16886;258978;6591.596543
9/7/2022;0.056369;5427.088461;122374;2738.008677
10/7/2022;0.055997;7332.438366;142449;3707.516931
11/7/2022;0.054923;6010.533513;147262;2863.571469
12/7/2022;0.053719;6694.335655;168704;3225.25326
13/7/2022;0.055105;9760.804436;256075;4920.735492
14/7/2022;0.057951;8162.327129;233074;4474.021649
15/7/2022;0.059105;9174.59586;256674;5093.938189
16/7/2022;0.063968;8805.514662;320279;4889.762972
17/7/2022;0.064357;7103.579907;280425;3787.930542
18/7/2022;0.070466;13260.74029;418029;7548.850157
19/7/2022;0.065928;14481.89678;432771;7254.689549
20/7/2022;0.065522;10226.0113;327639;4783.879345
21/7/2022;0.068049;7827.24506;275416;3849.374882
22/7/2022;0.06768;8176.569828;272688;4166.319172
23/7/2022;0.068981;5451.188118;219652;2847.685017
24/7/2022;0.070766;8020.080287;301730;4245.507778
25/7/2022;0.067604;9031.536338;299871;4261.537269
26/7/2022;0.068177;7810.59756;264998;3554.214796
27/7/2022;0.071265;8148.976304;315995;4374.031388
28/7/2022;0.072325;7951.735329;332499;4101.384292
29/7/2022;0.072417;6824.141527;301825;3365.582603
30/7/2022;0.071775;5303.679874;247939;2491.069024
31/7/2022;0.072049;4497.617487;221539;2337.484329
1/8/2022;0.070067;5253.046437;224421;2522.426764
2/8/2022;0.070955;7240.683877;324878;3471.636778
3/8/2022;0.070918;7696.123564;339423;3840.626057
4/8/2022;0.07108;7860.221038;318582;3771.903604
5/8/2022;0.074508;8389.342154;330626;4621.78679
6/8/2022;0.073651;5852.804508;216056;2742.318952
7/8/2022;0.073366;4236.81253;199488;1991.755958
8/8/2022;0.074636;6179.363637;246177;3053.792117
9/8/2022;0.073554;6173.520075;237226;2784.714956
10/8/2022;0.077393;10381.2497;363318;5432.195133
11/8/2022;0.078554;8381.3289;299188;4217.508559
12/8/2022;0.080258;7502.986801;224476;4179.953328
13/8/2022;0.081153;7210.468625;239906;3578.989533
14/8/2022;0.079619;5692.606258;227161;2946.196824
15/8/2022;0.078828;7949.529696;269370;3849.520801
16/8/2022;0.078674;6766.308244;213445;3554.005887
17/8/2022;0.078584;8534.057253;258821;4194.169521
18/8/2022;0.079607;6632.495716;209450;3618.405364
19/8/2022;0.077235;12339.64615;351637;6428.331508
20/8/2022;0.074546;10401.42366;285838;5001.091902
21/8/2022;0.075204;8039.909117;259554;3947.165657
22/8/2022;0.075916;8434.871518;289712;4105.290212
23/8/2022;0.077359;6916.957422;269790;3518.121634
24/8/2022;0.077528;6222.642032;235193;3040.294443
25/8/2022;0.078635;5889.267641;206818;3091.790878
26/8/2022;0.074515;10547.70833;347952;5110.707637
27/8/2022;0.07442;9245.242695;312570;4652.200253
28/8/2022;0.072956;6042.771495;236064;2862.563524
29/8/2022;0.0765;7932.203226;274228;4132.766756
30/8/2022;0.076961;10557.31945;362723;5543.051638
31/8/2022;0.077517;9139.95602;359925;4638.026987
1/9/2022;0.078776;8505.563971;296102;4464.999492
2/9/2022;0.078958;7254.020476;251759;3757.499452
3/9/2022;0.07853;3503.430716;151723;1765.20862
4/9/2022;0.078954;3133.121174;136637;1546.671332
5/9/2022;0.081718;7947.07498;229605;4823.080048
6/9/2022;0.08296;10907.28002;328930;5560.676576
7/9/2022;0.084492;8823.730426;302879;4348.155143
8/9/2022;0.084647;7151.469231;260657;3677.817801
9/9/2022;0.080442;10228.63173;351407;5032.41367
10/9/2022;0.081963;5711.33399;260793;2874.717178
11/9/2022;0.080909;6589.301913;257093;3172.398693
12/9/2022;0.076643;10280.7037;384817;5116.001048
13/9/2022;0.078047;14446.71453;492373;7307.44708
14/9/2022;0.080993;10790.52469;408482;5644.237779
15/9/2022;0.074748;16529.6997;746148;7760.369656
16/9/2022;0.072413;8369.05591;446180;3949.505089
17/9/2022;0.073028;6826.538432;271606;3494.279656
18/9/2022;0.068721;7630.778431;326972;3572.309698
19/9/2022;0.070432;8263.386377;479718;4253.666519
20/9/2022;0.070096;6664.668516;349851;3189.692543
21/9/2022;0.067493;8533.559317;395780;4052.489221
22/9/2022;0.068363;7645.729002;298574;3826.673091
23/9/2022;0.068807;6590.039502;345835;3244.192481
24/9/2022;0.069605;4595.81412;224423;2376.322591
25/9/2022;0.068834;4926.141569;222221;2507.861468
26/9/2022;0.069505;5961.683585;275490;2905.894469
27/9/2022;0.069609;8948.288624;356483;4425.941943
28/9/2022;0.068884;9385.791158;404236;4666.554563
29/9/2022;0.068188;7769.149119;325040;3752.65529
30/9/2022;0.068412;9807.29687;345607;4901.012452
